{
    "SIMBData": {
        "archive": "archive.63/_32000_archive_1.a",
        "out": "amcQwB.o",
        "bytes": 466100,
        "text": 0
    },
    "cycles_program_begin": 16666676364024,
    "perf": [
        {
            "stat": [
                "main",
                "entry",
                0.02892303466796875,
                0.033708000000000002,
                0.018386,
                259288,
                259288,
                0.0,
                0.0,
                1653656938.99386,
                16666676657064
            ],
            "sub": [
                {
                    "stat": [
                        "doParsingAndDesignResolution",
                        "entry",
                        0.029730081558227539,
                        0.034229999999999997,
                        0.018671,
                        261544,
                        261656,
                        0.0,
                        0.0,
                        1653656938.9946671,
                        16666680114408
                    ],
                    "sub": []
                },
                {
                    "stat": [
                        "doParsingAndDesignResolution",
                        "exit",
                        0.73429608345031738,
                        0.68393300000000001,
                        0.073497000000000007,
                        354708,
                        354708,
                        0.0,
                        0.0,
                        1653656939.6992331,
                        16669780292764
                    ],
                    "sub": []
                },
                {
                    "stat": [
                        "doPostDesignResolutionToVir2Vcs",
                        "entry",
                        0.76577901840209961,
                        0.71246200000000004,
                        0.076443999999999998,
                        356504,
                        356508,
                        0.0,
                        0.0,
                        1653656939.730716,
                        16669918806131
                    ],
                    "sub": [
                        {
                            "stat": [
                                "doUptoVir2VcsNoSepCleanup",
                                "entry",
                                1.3455829620361328,
                                1.28976,
                                0.078936000000000006,
                                357576,
                                357580,
                                0.0,
                                0.0,
                                1653656940.3105199,
                                16672469997564
                            ],
                            "sub": []
                        },
                        {
                            "stat": [
                                "doUptoVir2VcsNoSepCleanup",
                                "exit",
                                3.2885680198669434,
                                3.1887099999999999,
                                0.10756300000000001,
                                394124,
                                411236,
                                0.0057590000000000002,
                                0.0079900000000000006,
                                1653656942.253505,
                                16681019147360
                            ],
                            "sub": []
                        },
                        {
                            "stat": [
                                "doRadify_vir2vcsAll",
                                "entry",
                                3.2886459827423096,
                                3.1887889999999999,
                                0.10756599999999999,
                                394124,
                                411236,
                                0.0057590000000000002,
                                0.0079900000000000006,
                                1653656942.253583,
                                16681019336692
                            ],
                            "sub": []
                        },
                        {
                            "stat": [
                                "doRadify_vir2vcsAll",
                                "exit",
                                3.4854691028594971,
                                3.3785729999999998,
                                0.114596,
                                411200,
                                411236,
                                0.0057590000000000002,
                                0.0079900000000000006,
                                1653656942.4504061,
                                16681885509032
                            ],
                            "sub": []
                        }
                    ]
                },
                {
                    "stat": [
                        "doPostDesignResolutionToVir2Vcs",
                        "exit",
                        3.4855260848999023,
                        3.3786300000000002,
                        0.11459800000000001,
                        411200,
                        411236,
                        0.0057590000000000002,
                        0.0079900000000000006,
                        1653656942.4504631,
                        16681885814260
                    ],
                    "sub": []
                },
                {
                    "stat": [
                        "doGAToPass2",
                        "entry",
                        3.4855940341949463,
                        3.3786300000000002,
                        0.114665,
                        411200,
                        411236,
                        0.0057590000000000002,
                        0.0079900000000000006,
                        1653656942.450531,
                        16681885899444
                    ],
                    "sub": [
                        {
                            "stat": [
                                "DoPass2",
                                "entry",
                                3.5187749862670898,
                                3.392185,
                                0.1186,
                                411200,
                                411236,
                                0.013559999999999999,
                                0.016351999999999998,
                                1653656942.483712,
                                16682031986585
                            ],
                            "sub": []
                        },
                        {
                            "stat": [
                                "DoPass2",
                                "exit",
                                5.6118180751800537,
                                5.4367359999999998,
                                0.164993,
                                432312,
                                432340,
                                0.013559999999999999,
                                0.018280000000000001,
                                1653656944.576755,
                                16691241327548
                            ],
                            "sub": []
                        }
                    ]
                },
                {
                    "stat": [
                        "doGAToPass2",
                        "exit",
                        5.6487429141998291,
                        5.4398989999999996,
                        0.17200799999999999,
                        432312,
                        432340,
                        0.024978,
                        0.033963,
                        1653656944.6136799,
                        16691403913112
                    ],
                    "sub": []
                }
            ]
        },
        {
            "stat": [
                "main",
                "exit",
                5.6502580642700195,
                5.44001,
                0.17341200000000001,
                432304,
                432340,
                0.024978,
                0.033963,
                1653656944.615195,
                16691410465592
            ],
            "sub": []
        }
    ],
    "PrevCompiledModules": {
        "apb_watchdog_if": {
            "D9eU0_d": {
                "bytes": 12966,
                "mod": "apb_watchdog_if",
                "mode": 4,
                "out": "D9eU0_d.o",
                "archive": "archive.63/_prev_archive_1.a",
                "checksum": 0
            }
        },
        "_vcs_unit__3820934895": {
            "b4gw6_d": {
                "bytes": 14304,
                "mod": "_vcs_unit__3820934895",
                "mode": 4,
                "out": "b4gw6_d.o",
                "archive": "archive.63/_prev_archive_1.a",
                "checksum": 0
            }
        },
        "apb_if": {
            "d9vZk_d": {
                "bytes": 195738,
                "mod": "apb_if",
                "mode": 4,
                "out": "d9vZk_d.o",
                "archive": "archive.63/_prev_archive_1.a",
                "checksum": 0
            }
        },
        "cmsdk_apb_watchdog": {
            "JUpqu_d": {
                "bytes": 80192,
                "mod": "cmsdk_apb_watchdog",
                "mode": 4,
                "out": "JUpqu_d.o",
                "archive": "archive.63/_prev_archive_1.a",
                "checksum": 0
            }
        },
        "apb_pkg": {
            "xtRSS_d": {
                "bytes": 365968,
                "mod": "apb_pkg",
                "mode": 4,
                "out": "xtRSS_d.o",
                "archive": "archive.63/_prev_archive_1.a",
                "checksum": 0
            }
        },
        "uvm_pkg": {
            "zr7M1_d": {
                "bytes": 7593426,
                "mod": "uvm_pkg",
                "mode": 4,
                "out": "zr7M1_d.o",
                "archive": "archive.63/_prev_archive_1.a",
                "checksum": 0
            }
        },
        "uvm_custom_install_verdi_recording": {
            "EbjT3_d": {
                "bytes": 1493798,
                "mod": "uvm_custom_install_verdi_recording",
                "archive": "archive.63/_32000_archive_1.a",
                "checksum": 0,
                "out": "EbjT3_d.o",
                "mode": 4
            }
        },
        "vcs_paramclassrepository": {
            "hEeZs_d": {
                "bytes": 8454458,
                "mod": "vcs_paramclassrepository",
                "mode": 4,
                "out": "hEeZs_d.o",
                "archive": "archive.63/_32000_archive_1.a",
                "checksum": 0
            }
        },
        "apb_watchdog_tb": {
            "MgjQ3_d": {
                "bytes": 30674,
                "mod": "apb_watchdog_tb",
                "mode": 4,
                "out": "MgjQ3_d.o",
                "archive": "archive.63/_prev_archive_1.a",
                "checksum": 0
            }
        },
        "std": {
            "reYIK_d": {
                "bytes": 44412,
                "mod": "std",
                "mode": 4,
                "out": "reYIK_d.o",
                "archive": "archive.63/_prev_archive_1.a",
                "checksum": 0
            }
        },
        "uvm_custom_install_recording": {
            "nhiwz_d": {
                "bytes": 527774,
                "mod": "uvm_custom_install_recording",
                "mode": 4,
                "out": "nhiwz_d.o",
                "archive": "archive.63/_prev_archive_1.a",
                "checksum": 0
            }
        },
        "_vcs_DPI_package": {
            "uM9F1_d": {
                "bytes": 22754,
                "mod": "_vcs_DPI_package",
                "mode": 4,
                "out": "uM9F1_d.o",
                "archive": "archive.63/_prev_archive_1.a",
                "checksum": 0
            }
        },
        "...MASTER...": {
            "amcQw_d": {
                "bytes": 9618,
                "mod": "...MASTER...",
                "mode": 4,
                "out": "objs/amcQw_d.o",
                "checksum": 0
            }
        },
        "_vcs_msglog": {
            "zQBzV_d": {
                "bytes": 10780,
                "mod": "_vcs_msglog",
                "mode": 4,
                "out": "zQBzV_d.o",
                "archive": "archive.63/_prev_archive_1.a",
                "checksum": 0
            }
        },
        "apb_watchdog_pkg": {
            "Wu0ea_d": {
                "bytes": 1244098,
                "mod": "apb_watchdog_pkg",
                "mode": 4,
                "out": "Wu0ea_d.o",
                "archive": "archive.63/_prev_archive_1.a",
                "checksum": 0
            }
        }
    },
    "MlibObjs": {},
    "PEModules": [],
    "stat": {
        "ru_self_cgstart": {
            "ru_utime_sec": 3.3922409999999998,
            "ru_minflt": 36631,
            "ru_stime_sec": 0.118602,
            "ru_nvcsw": 30,
            "ru_maxrss_kb": 183356,
            "ru_nivcsw": 31,
            "ru_majflt": 0
        },
        "nMops": 614764,
        "ru_childs_cgstart": {
            "ru_utime_sec": 0.013559999999999999,
            "ru_minflt": 10612,
            "ru_stime_sec": 0.016351999999999998,
            "ru_nvcsw": 25,
            "ru_maxrss_kb": 121880,
            "ru_nivcsw": 22,
            "ru_majflt": 0
        },
        "totalObjSize": 10414116,
        "ru_childs_end": {
            "ru_utime_sec": 0.024978,
            "ru_minflt": 19912,
            "ru_stime_sec": 0.033963,
            "ru_nvcsw": 48,
            "ru_maxrss_kb": 139172,
            "ru_nivcsw": 36,
            "ru_majflt": 0
        },
        "cpu_cycles_cgstart": 16682032087565,
        "nQuads": 200834,
        "CodeGen(%)": 37.679625280055511,
        "ru_self_end": {
            "ru_utime_sec": 5.44001,
            "ru_minflt": 42945,
            "ru_stime_sec": 0.17346800000000001,
            "ru_nvcsw": 36,
            "ru_maxrss_kb": 204904,
            "ru_nivcsw": 37,
            "ru_majflt": 0
        },
        "cpu_cycles_end": 16691410629800,
        "cpu_cycles_total": 24734265776,
        "mop/quad": 3.0610553989862272,
        "mopSpeed": 298546.95081116963,
        "quadSpeed": 97530.724504379643,
        "outputSizePerQuad": 51.85434737146101,
        "Frontend(%)": 62.320374719944482,
        "peak_mem_kb": 432340,
        "realTime": 5.6503379344940186
    },
    "NameTable": {
        "apb_watchdog_tb": [
            "apb_watchdog_tb",
            "MgjQ3",
            "module",
            11
        ],
        "vcs_paramclassrepository": [
            "vcs_paramclassrepository",
            "hEeZs",
            "module",
            1
        ],
        "uvm_custom_install_recording": [
            "uvm_custom_install_recording",
            "nhiwz",
            "module",
            6
        ],
        "std": [
            "std",
            "reYIK",
            "module",
            2
        ],
        "uvm_pkg": [
            "uvm_pkg",
            "zr7M1",
            "module",
            3
        ],
        "uvm_custom_install_verdi_recording": [
            "uvm_custom_install_verdi_recording",
            "EbjT3",
            "module",
            8
        ],
        "...MASTER...": [
            "SIM",
            "amcQw",
            "module",
            15
        ],
        "_vcs_msglog": [
            "_vcs_msglog",
            "zQBzV",
            "module",
            4
        ],
        "_vcs_DPI_package": [
            "_vcs_DPI_package",
            "uM9F1",
            "module",
            7
        ],
        "apb_watchdog_if": [
            "apb_watchdog_if",
            "D9eU0",
            "module",
            13
        ],
        "apb_if": [
            "apb_if",
            "d9vZk",
            "module",
            12
        ],
        "_vcs_unit__3820934895": [
            "_vcs_unit__3820934895",
            "b4gw6",
            "module",
            5
        ],
        "cmsdk_apb_watchdog": [
            "cmsdk_apb_watchdog",
            "JUpqu",
            "module",
            14
        ],
        "apb_pkg": [
            "apb_pkg",
            "xtRSS",
            "module",
            9
        ],
        "apb_watchdog_pkg": [
            "apb_watchdog_pkg",
            "Wu0ea",
            "module",
            10
        ]
    },
    "incremental": "on",
    "CompileStrategy": "fullobj",
    "CurCompileUdps": {},
    "cpu_cycles_pass2_start": 16682032007221,
    "CurCompileModules": [
        "...MASTER...",
        "vcs_paramclassrepository",
        "vcs_paramclassrepository",
        "std",
        "uvm_pkg",
        "_vcs_msglog",
        "_vcs_unit__3820934895",
        "uvm_custom_install_recording",
        "_vcs_DPI_package",
        "uvm_custom_install_verdi_recording",
        "uvm_custom_install_verdi_recording",
        "apb_pkg",
        "apb_watchdog_pkg",
        "apb_watchdog_tb",
        "apb_if",
        "apb_watchdog_if",
        "cmsdk_apb_watchdog"
    ],
    "LVLData": [
        "SIM"
    ],
    "CompileProcesses": [
        "cgproc.32000.json"
    ],
    "Misc": {
        "vcs_version": "O-2018.09-SP2_Full64",
        "vcs_build_date": "Build Date = Feb 28 2019 22:34:30",
        "csrc_abs": "/home/verifier/milanotang/v2xlab/uvm/sim/csrc",
        "master_pid": 32000,
        "csrc": "csrc",
        "cwd": "/home/verifier/milanotang/v2xlab/uvm/sim",
        "daidir": "/home/verifier/milanotang/v2xlab/uvm/sim/apb_watchdog_tb.simv.daidir",
        "VCS_HOME": "/opt/synopsys/vcs/vcs-mx/O-2018.09-SP2",
        "daidir_abs": "/home/verifier/milanotang/v2xlab/uvm/sim/apb_watchdog_tb.simv.daidir",
        "hostname": "localhost.localdomain",
        "default_output_dir": "csrc",
        "archive_dir": "archive.63"
    },
    "rlimit": {
        "data": -1,
        "stack": -1
    },
    "CompileStatus": "Successful"
}