{
    "cycles_program_begin": 22644352926620,
    "MlibObjs": {},
    "perf": [
        {
            "stat": [
                "main",
                "entry",
                0.027897119522094727,
                0.04265,
                0.0091389999999999996,
                259288,
                259288,
                0.0,
                0.0,
                1653658297.5561321,
                22644353214732
            ],
            "sub": [
                {
                    "stat": [
                        "doParsingAndDesignResolution",
                        "entry",
                        0.028706073760986328,
                        0.043459999999999999,
                        0.0091389999999999996,
                        261544,
                        261656,
                        0.0,
                        0.0,
                        1653658297.556941,
                        22644356686508
                    ],
                    "sub": []
                },
                {
                    "stat": [
                        "doParsingAndDesignResolution",
                        "exit",
                        0.69432902336120605,
                        0.68293400000000004,
                        0.035098999999999998,
                        355404,
                        355404,
                        0.0,
                        0.0,
                        1653658298.222564,
                        22647285521844
                    ],
                    "sub": []
                },
                {
                    "stat": [
                        "doPostDesignResolutionToVir2Vcs",
                        "entry",
                        0.72509312629699707,
                        0.7107,
                        0.038091,
                        357200,
                        357204,
                        0.0,
                        0.0,
                        1653658298.2533281,
                        22647420857552
                    ],
                    "sub": [
                        {
                            "stat": [
                                "doUptoVir2VcsNoSepCleanup",
                                "entry",
                                1.30696702003479,
                                1.287482,
                                0.043150000000000001,
                                358272,
                                358276,
                                0.0,
                                0.0,
                                1653658298.835202,
                                22649981176724
                            ],
                            "sub": []
                        },
                        {
                            "stat": [
                                "doUptoVir2VcsNoSepCleanup",
                                "exit",
                                3.2928400039672852,
                                3.2244280000000001,
                                0.078253000000000003,
                                394116,
                                411932,
                                0.0046299999999999996,
                                0.0072960000000000004,
                                1653658300.821075,
                                22658719011560
                            ],
                            "sub": []
                        },
                        {
                            "stat": [
                                "doRadify_vir2vcsAll",
                                "entry",
                                3.2929160594940186,
                                3.2245050000000002,
                                0.078254000000000004,
                                394116,
                                411932,
                                0.0046299999999999996,
                                0.0072960000000000004,
                                1653658300.821151,
                                22658719198384
                            ],
                            "sub": []
                        },
                        {
                            "stat": [
                                "doRadify_vir2vcsAll",
                                "exit",
                                3.4916269779205322,
                                3.4191940000000001,
                                0.082268999999999995,
                                411196,
                                411932,
                                0.0046299999999999996,
                                0.0072960000000000004,
                                1653658301.0198619,
                                22659593685080
                            ],
                            "sub": []
                        }
                    ]
                },
                {
                    "stat": [
                        "doPostDesignResolutionToVir2Vcs",
                        "exit",
                        3.491685152053833,
                        3.4192529999999999,
                        0.082269999999999996,
                        411196,
                        411932,
                        0.0046299999999999996,
                        0.0072960000000000004,
                        1653658301.0199201,
                        22659593777084
                    ],
                    "sub": []
                },
                {
                    "stat": [
                        "doGAToPass2",
                        "entry",
                        3.4917020797729492,
                        3.41927,
                        0.082270999999999997,
                        411196,
                        411932,
                        0.0046299999999999996,
                        0.0072960000000000004,
                        1653658301.019937,
                        22659593846032
                    ],
                    "sub": [
                        {
                            "stat": [
                                "DoPass2",
                                "entry",
                                3.5245919227600098,
                                3.4346740000000002,
                                0.084261000000000003,
                                411196,
                                411932,
                                0.010742,
                                0.017106,
                                1653658301.0528269,
                                22659738657026
                            ],
                            "sub": []
                        },
                        {
                            "stat": [
                                "DoPass2",
                                "exit",
                                4.6622850894927979,
                                4.5504249999999997,
                                0.104238,
                                432332,
                                432360,
                                0.010742,
                                0.019047999999999999,
                                1653658302.19052,
                                22664744447064
                            ],
                            "sub": []
                        }
                    ]
                },
                {
                    "stat": [
                        "doGAToPass2",
                        "exit",
                        4.6990511417388916,
                        4.5534239999999997,
                        0.11022800000000001,
                        432332,
                        432360,
                        0.025224,
                        0.032690999999999998,
                        1653658302.2272861,
                        22664906252657
                    ],
                    "sub": []
                }
            ]
        },
        {
            "stat": [
                "main",
                "exit",
                4.7003910541534424,
                4.5547560000000002,
                0.110236,
                432324,
                432360,
                0.025224,
                0.032690999999999998,
                1653658302.228626,
                22664912122521
            ],
            "sub": []
        }
    ],
    "PrevCompiledModules": {
        "apb_watchdog_tb": {
            "MgjQ3_d": {
                "out": "MgjQ3_d.o",
                "checksum": 0,
                "bytes": 30674,
                "mod": "apb_watchdog_tb",
                "archive": "archive.64/_prev_archive_1.a",
                "mode": 4
            }
        },
        "apb_watchdog_if": {
            "D9eU0_d": {
                "out": "D9eU0_d.o",
                "checksum": 0,
                "bytes": 12966,
                "mod": "apb_watchdog_if",
                "archive": "archive.64/_prev_archive_1.a",
                "mode": 4
            }
        },
        "apb_pkg": {
            "xtRSS_d": {
                "out": "xtRSS_d.o",
                "checksum": 0,
                "bytes": 365968,
                "mod": "apb_pkg",
                "archive": "archive.64/_prev_archive_1.a",
                "mode": 4
            }
        },
        "uvm_pkg": {
            "zr7M1_d": {
                "out": "zr7M1_d.o",
                "checksum": 0,
                "bytes": 7593426,
                "mod": "uvm_pkg",
                "archive": "archive.64/_prev_archive_1.a",
                "mode": 4
            }
        },
        "_vcs_msglog": {
            "zQBzV_d": {
                "out": "zQBzV_d.o",
                "checksum": 0,
                "bytes": 10780,
                "mod": "_vcs_msglog",
                "archive": "archive.64/_prev_archive_1.a",
                "mode": 4
            }
        },
        "std": {
            "reYIK_d": {
                "out": "reYIK_d.o",
                "checksum": 0,
                "bytes": 44412,
                "mod": "std",
                "archive": "archive.64/_prev_archive_1.a",
                "mode": 4
            }
        },
        "uvm_custom_install_verdi_recording": {
            "EbjT3_d": {
                "checksum": 0,
                "out": "EbjT3_d.o",
                "bytes": 1493798,
                "mod": "uvm_custom_install_verdi_recording",
                "archive": "archive.64/_37199_archive_1.a",
                "mode": 4
            }
        },
        "apb_if": {
            "d9vZk_d": {
                "out": "d9vZk_d.o",
                "checksum": 0,
                "bytes": 195738,
                "mod": "apb_if",
                "archive": "archive.64/_37199_archive_1.a",
                "mode": 4
            }
        },
        "_vcs_DPI_package": {
            "uM9F1_d": {
                "out": "uM9F1_d.o",
                "checksum": 0,
                "bytes": 22754,
                "mod": "_vcs_DPI_package",
                "archive": "archive.64/_prev_archive_1.a",
                "mode": 4
            }
        },
        "vcs_paramclassrepository": {
            "hEeZs_d": {
                "checksum": 0,
                "out": "hEeZs_d.o",
                "bytes": 8454218,
                "mod": "vcs_paramclassrepository",
                "archive": "archive.64/_prev_archive_1.a",
                "mode": 4
            }
        },
        "_vcs_unit__3820934895": {
            "b4gw6_d": {
                "out": "b4gw6_d.o",
                "checksum": 0,
                "bytes": 14304,
                "mod": "_vcs_unit__3820934895",
                "archive": "archive.64/_prev_archive_1.a",
                "mode": 4
            }
        },
        "cmsdk_apb_watchdog": {
            "JUpqu_d": {
                "out": "JUpqu_d.o",
                "checksum": 0,
                "bytes": 80192,
                "mod": "cmsdk_apb_watchdog",
                "archive": "archive.64/_prev_archive_1.a",
                "mode": 4
            }
        },
        "uvm_custom_install_recording": {
            "nhiwz_d": {
                "out": "nhiwz_d.o",
                "checksum": 0,
                "bytes": 527774,
                "mod": "uvm_custom_install_recording",
                "archive": "archive.64/_prev_archive_1.a",
                "mode": 4
            }
        },
        "apb_watchdog_pkg": {
            "Wu0ea_d": {
                "out": "Wu0ea_d.o",
                "checksum": 0,
                "bytes": 1244098,
                "mod": "apb_watchdog_pkg",
                "archive": "archive.64/_prev_archive_1.a",
                "mode": 4
            }
        },
        "...MASTER...": {
            "amcQw_d": {
                "out": "objs/amcQw_d.o",
                "checksum": 0,
                "bytes": 9618,
                "mod": "...MASTER...",
                "mode": 4
            }
        }
    },
    "NameTable": {
        "vcs_paramclassrepository": [
            "vcs_paramclassrepository",
            "hEeZs",
            "module",
            1
        ],
        "_vcs_unit__3820934895": [
            "_vcs_unit__3820934895",
            "b4gw6",
            "module",
            5
        ],
        "_vcs_DPI_package": [
            "_vcs_DPI_package",
            "uM9F1",
            "module",
            7
        ],
        "std": [
            "std",
            "reYIK",
            "module",
            2
        ],
        "_vcs_msglog": [
            "_vcs_msglog",
            "zQBzV",
            "module",
            4
        ],
        "uvm_custom_install_verdi_recording": [
            "uvm_custom_install_verdi_recording",
            "EbjT3",
            "module",
            8
        ],
        "uvm_pkg": [
            "uvm_pkg",
            "zr7M1",
            "module",
            3
        ],
        "uvm_custom_install_recording": [
            "uvm_custom_install_recording",
            "nhiwz",
            "module",
            6
        ],
        "apb_pkg": [
            "apb_pkg",
            "xtRSS",
            "module",
            9
        ],
        "apb_watchdog_pkg": [
            "apb_watchdog_pkg",
            "Wu0ea",
            "module",
            10
        ],
        "apb_watchdog_tb": [
            "apb_watchdog_tb",
            "MgjQ3",
            "module",
            11
        ],
        "apb_if": [
            "apb_if",
            "d9vZk",
            "module",
            12
        ],
        "apb_watchdog_if": [
            "apb_watchdog_if",
            "D9eU0",
            "module",
            13
        ],
        "cmsdk_apb_watchdog": [
            "cmsdk_apb_watchdog",
            "JUpqu",
            "module",
            14
        ],
        "...MASTER...": [
            "SIM",
            "amcQw",
            "module",
            15
        ]
    },
    "stat": {
        "peak_mem_kb": 432360,
        "ru_self_cgstart": {
            "ru_stime_sec": 0.084263000000000005,
            "ru_utime_sec": 3.4347270000000001,
            "ru_minflt": 37095,
            "ru_maxrss_kb": 182884,
            "ru_majflt": 0,
            "ru_nvcsw": 30,
            "ru_nivcsw": 34
        },
        "ru_self_end": {
            "ru_stime_sec": 0.110237,
            "ru_utime_sec": 4.5548039999999999,
            "ru_minflt": 43238,
            "ru_maxrss_kb": 201628,
            "ru_majflt": 0,
            "ru_nvcsw": 35,
            "ru_nivcsw": 39
        },
        "ru_childs_cgstart": {
            "ru_stime_sec": 0.017106,
            "ru_utime_sec": 0.010742,
            "ru_minflt": 10612,
            "ru_maxrss_kb": 121408,
            "ru_majflt": 0,
            "ru_nvcsw": 24,
            "ru_nivcsw": 22
        },
        "mop/quad": 3.0623514344517591,
        "cpu_cycles_cgstart": 22659738749030,
        "nMops": 614519,
        "nQuads": 200669,
        "totalObjSize": 2119322,
        "CodeGen(%)": 24.771879123883075,
        "ru_childs_end": {
            "ru_stime_sec": 0.032690999999999998,
            "ru_utime_sec": 0.025224,
            "ru_minflt": 19912,
            "ru_maxrss_kb": 135900,
            "ru_majflt": 0,
            "ru_nvcsw": 47,
            "ru_nivcsw": 36
        },
        "cpu_cycles_end": 22664912256985,
        "cpu_cycles_total": 20559330365,
        "realTime": 4.7004630565643311,
        "mopSpeed": 541636.88270067959,
        "quadSpeed": 176869.6030792582,
        "outputSizePerQuad": 10.561282510004036,
        "Frontend(%)": 75.228120876116918
    },
    "CompileStrategy": "fullobj",
    "incremental": "on",
    "cpu_cycles_pass2_start": 22659738676606,
    "CurCompileUdps": {},
    "Misc": {
        "daidir": "/home/verifier/milanotang/v2xlab/uvm/sim/apb_watchdog_tb.simv.daidir",
        "vcs_version": "O-2018.09-SP2_Full64",
        "vcs_build_date": "Build Date = Feb 28 2019 22:34:30",
        "csrc_abs": "/home/verifier/milanotang/v2xlab/uvm/sim/csrc",
        "daidir_abs": "/home/verifier/milanotang/v2xlab/uvm/sim/apb_watchdog_tb.simv.daidir",
        "csrc": "csrc",
        "cwd": "/home/verifier/milanotang/v2xlab/uvm/sim",
        "master_pid": 37199,
        "VCS_HOME": "/opt/synopsys/vcs/vcs-mx/O-2018.09-SP2",
        "hostname": "localhost.localdomain",
        "archive_dir": "archive.64",
        "default_output_dir": "csrc"
    },
    "SIMBData": {
        "bytes": 435488,
        "out": "amcQwB.o",
        "text": 0,
        "archive": "archive.64/_37199_archive_1.a"
    },
    "CurCompileModules": [
        "...MASTER...",
        "vcs_paramclassrepository",
        "std",
        "uvm_pkg",
        "_vcs_msglog",
        "_vcs_unit__3820934895",
        "uvm_custom_install_recording",
        "_vcs_DPI_package",
        "uvm_custom_install_verdi_recording",
        "uvm_custom_install_verdi_recording",
        "apb_pkg",
        "apb_watchdog_pkg",
        "apb_watchdog_tb",
        "apb_if",
        "apb_if",
        "apb_watchdog_if",
        "cmsdk_apb_watchdog"
    ],
    "LVLData": [
        "SIM"
    ],
    "PEModules": [],
    "CompileProcesses": [
        "cgproc.37199.json"
    ],
    "rlimit": {
        "data": -1,
        "stack": -1
    },
    "CompileStatus": "Successful"
}