{
    "cycles_program_begin": 100724256587846,
    "CompileProcesses": [
        "cgproc.122124.json"
    ],
    "perf": [
        {
            "sub": [
                {
                    "sub": [],
                    "stat": [
                        "doParsingAndDesignResolution",
                        "entry",
                        0.033476829528808594,
                        0.047169999999999997,
                        0.02256,
                        261544,
                        261656,
                        0.0,
                        0.0,
                        1653397686.4094739,
                        100724260761414
                    ]
                },
                {
                    "sub": [],
                    "stat": [
                        "doParsingAndDesignResolution",
                        "exit",
                        1.1261959075927734,
                        1.1190850000000001,
                        0.043312000000000003,
                        341524,
                        341524,
                        0.0,
                        0.0,
                        1653397687.502193,
                        100727750986231
                    ]
                },
                {
                    "sub": [
                        {
                            "sub": [],
                            "stat": [
                                "doUptoVir2VcsNoSepCleanup",
                                "entry",
                                2.2823269367218018,
                                2.2672979999999998,
                                0.051196999999999999,
                                343980,
                                343984,
                                0.0,
                                0.0,
                                1653397688.658324,
                                100731443668599
                            ]
                        },
                        {
                            "sub": [],
                            "stat": [
                                "doUptoVir2VcsNoSepCleanup",
                                "exit",
                                6.2875838279724121,
                                6.0914250000000001,
                                0.081152000000000002,
                                394000,
                                397960,
                                0.001323,
                                0.011450999999999999,
                                1653397692.6635809,
                                100744236465825
                            ]
                        },
                        {
                            "sub": [],
                            "stat": [
                                "doRadify_vir2vcsAll",
                                "entry",
                                6.2876720428466797,
                                6.091513,
                                0.081153000000000003,
                                394000,
                                397960,
                                0.001323,
                                0.011450999999999999,
                                1653397692.6636691,
                                100744236649697
                            ]
                        },
                        {
                            "sub": [],
                            "stat": [
                                "doRadify_vir2vcsAll",
                                "exit",
                                6.6732008457183838,
                                6.4700309999999996,
                                0.088150000000000006,
                                410916,
                                410916,
                                0.001323,
                                0.011450999999999999,
                                1653397693.0491979,
                                100745468207233
                            ]
                        }
                    ],
                    "stat": [
                        "doPostDesignResolutionToVir2Vcs",
                        "entry",
                        1.1605889797210693,
                        1.1484300000000001,
                        0.048354000000000001,
                        343112,
                        343116,
                        0.0,
                        0.0,
                        1653397687.536586,
                        100727860838423
                    ]
                },
                {
                    "sub": [],
                    "stat": [
                        "doPostDesignResolutionToVir2Vcs",
                        "exit",
                        6.6732950210571289,
                        6.4701269999999997,
                        0.088150999999999993,
                        410916,
                        410916,
                        0.001323,
                        0.011450999999999999,
                        1653397693.0492921,
                        100745468322625
                    ]
                },
                {
                    "sub": [
                        {
                            "sub": [],
                            "stat": [
                                "DoPass2",
                                "entry",
                                6.7145040035247803,
                                6.486345,
                                0.091159000000000004,
                                410916,
                                410924,
                                0.0086750000000000004,
                                0.026581,
                                1653397693.0905011,
                                100745600104929
                            ]
                        },
                        {
                            "sub": [],
                            "stat": [
                                "DoPass2",
                                "exit",
                                10.991679906845093,
                                10.663038,
                                0.18923100000000001,
                                415920,
                                415948,
                                0.0086750000000000004,
                                0.028833000000000001,
                                1653397697.367677,
                                100759261470472
                            ]
                        }
                    ],
                    "stat": [
                        "doGAToPass2",
                        "entry",
                        6.6733198165893555,
                        6.4701519999999997,
                        0.088150999999999993,
                        410916,
                        410916,
                        0.001323,
                        0.011450999999999999,
                        1653397693.0493169,
                        100745468390273
                    ]
                },
                {
                    "sub": [],
                    "stat": [
                        "doGAToPass2",
                        "exit",
                        11.045778036117554,
                        10.670365,
                        0.19619,
                        415920,
                        415948,
                        0.027888,
                        0.049729000000000002,
                        1653397697.4217751,
                        100759434095112
                    ]
                }
            ],
            "stat": [
                "main",
                "entry",
                0.032238960266113281,
                0.046002000000000001,
                0.02249,
                259288,
                259288,
                0.0,
                0.0,
                1653397686.408236,
                100724256893958
            ]
        },
        {
            "sub": [],
            "stat": [
                "main",
                "exit",
                11.047911882400513,
                10.672496000000001,
                0.19619200000000001,
                415912,
                415948,
                0.027888,
                0.049729000000000002,
                1653397697.4239089,
                100759440885032
            ]
        }
    ],
    "LVLData": [
        "SIM"
    ],
    "CompileStrategy": "fullobj",
    "PrevCompiledModules": {
        "uvm_pkg": {
            "zr7M1_d": {
                "out": "zr7M1_d.o",
                "bytes": 7073044,
                "mod": "uvm_pkg",
                "mode": 4,
                "archive": "archive.40/_122124_archive_1.a",
                "checksum": 0
            }
        },
        "apb_watchdog_if": {
            "D9eU0_d": {
                "out": "D9eU0_d.o",
                "bytes": 12966,
                "mod": "apb_watchdog_if",
                "mode": 4,
                "archive": "archive.40/_prev_archive_1.a",
                "checksum": 0
            }
        },
        "apb_watchdog_pkg": {
            "Wu0ea_d": {
                "out": "Wu0ea_d.o",
                "bytes": 174888,
                "mod": "apb_watchdog_pkg",
                "mode": 4,
                "archive": "archive.40/_122124_archive_1.a",
                "checksum": 0
            }
        },
        "cmsdk_apb_watchdog": {
            "JUpqu_d": {
                "out": "JUpqu_d.o",
                "bytes": 80192,
                "mod": "cmsdk_apb_watchdog",
                "mode": 4,
                "archive": "archive.40/_prev_archive_1.a",
                "checksum": 0
            }
        },
        "uvm_custom_install_verdi_recording": {
            "EbjT3_d": {
                "out": "EbjT3_d.o",
                "bytes": 1493688,
                "mod": "uvm_custom_install_verdi_recording",
                "mode": 4,
                "archive": "archive.40/_122124_archive_1.a",
                "checksum": 0
            }
        },
        "apb_watchdog_tb": {
            "MgjQ3_d": {
                "out": "MgjQ3_d.o",
                "bytes": 30674,
                "mod": "apb_watchdog_tb",
                "mode": 4,
                "archive": "archive.40/_prev_archive_1.a",
                "checksum": 0
            }
        },
        "_vcs_unit__3820934895": {
            "b4gw6_d": {
                "out": "b4gw6_d.o",
                "bytes": 14262,
                "mod": "_vcs_unit__3820934895",
                "mode": 4,
                "archive": "archive.40/_prev_archive_1.a",
                "checksum": 0
            }
        },
        "apb_pkg": {
            "xtRSS_d": {
                "out": "xtRSS_d.o",
                "bytes": 365848,
                "mod": "apb_pkg",
                "mode": 4,
                "archive": "archive.40/_122124_archive_1.a",
                "checksum": 0
            }
        },
        "vcs_paramclassrepository": {
            "hEeZs_d": {
                "out": "hEeZs_d.o",
                "bytes": 7735798,
                "mod": "vcs_paramclassrepository",
                "mode": 4,
                "archive": "archive.40/_122124_archive_1.a",
                "checksum": 0
            }
        },
        "apb_if": {
            "d9vZk_d": {
                "out": "d9vZk_d.o",
                "bytes": 195738,
                "mod": "apb_if",
                "mode": 4,
                "archive": "archive.40/_prev_archive_1.a",
                "checksum": 0
            }
        },
        "_vcs_msglog": {
            "zQBzV_d": {
                "out": "zQBzV_d.o",
                "bytes": 10738,
                "mod": "_vcs_msglog",
                "mode": 4,
                "archive": "archive.40/_prev_archive_1.a",
                "checksum": 0
            }
        },
        "std": {
            "reYIK_d": {
                "out": "reYIK_d.o",
                "bytes": 44412,
                "mod": "std",
                "mode": 4,
                "archive": "archive.40/_prev_archive_1.a",
                "checksum": 0
            }
        },
        "uvm_custom_install_recording": {
            "nhiwz_d": {
                "out": "nhiwz_d.o",
                "bytes": 527774,
                "mod": "uvm_custom_install_recording",
                "mode": 4,
                "archive": "archive.40/_122124_archive_1.a",
                "checksum": 0
            }
        },
        "...MASTER...": {
            "amcQw_d": {
                "out": "objs/amcQw_d.o",
                "bytes": 9618,
                "mod": "...MASTER...",
                "mode": 4,
                "checksum": 0
            }
        },
        "_vcs_DPI_package": {
            "uM9F1_d": {
                "out": "uM9F1_d.o",
                "bytes": 22754,
                "mod": "_vcs_DPI_package",
                "mode": 4,
                "archive": "archive.40/_prev_archive_1.a",
                "checksum": 0
            }
        }
    },
    "MlibObjs": {},
    "NameTable": {
        "apb_if": [
            "apb_if",
            "d9vZk",
            "module",
            12
        ],
        "vcs_paramclassrepository": [
            "vcs_paramclassrepository",
            "hEeZs",
            "module",
            1
        ],
        "cmsdk_apb_watchdog": [
            "cmsdk_apb_watchdog",
            "JUpqu",
            "module",
            14
        ],
        "apb_watchdog_tb": [
            "apb_watchdog_tb",
            "MgjQ3",
            "module",
            11
        ],
        "apb_watchdog_pkg": [
            "apb_watchdog_pkg",
            "Wu0ea",
            "module",
            10
        ],
        "_vcs_unit__3820934895": [
            "_vcs_unit__3820934895",
            "b4gw6",
            "module",
            5
        ],
        "uvm_custom_install_verdi_recording": [
            "uvm_custom_install_verdi_recording",
            "EbjT3",
            "module",
            8
        ],
        "std": [
            "std",
            "reYIK",
            "module",
            2
        ],
        "_vcs_msglog": [
            "_vcs_msglog",
            "zQBzV",
            "module",
            4
        ],
        "uvm_pkg": [
            "uvm_pkg",
            "zr7M1",
            "module",
            3
        ],
        "uvm_custom_install_recording": [
            "uvm_custom_install_recording",
            "nhiwz",
            "module",
            6
        ],
        "_vcs_DPI_package": [
            "_vcs_DPI_package",
            "uM9F1",
            "module",
            7
        ],
        "apb_pkg": [
            "apb_pkg",
            "xtRSS",
            "module",
            9
        ],
        "apb_watchdog_if": [
            "apb_watchdog_if",
            "D9eU0",
            "module",
            13
        ],
        "...MASTER...": [
            "SIM",
            "amcQw",
            "module",
            15
        ]
    },
    "cpu_cycles_pass2_start": 100745600125633,
    "stat": {
        "ru_self_cgstart": {
            "ru_utime_sec": 6.4864470000000001,
            "ru_stime_sec": 0.091160000000000005,
            "ru_maxrss_kb": 173644,
            "ru_majflt": 0,
            "ru_minflt": 35876,
            "ru_nvcsw": 32,
            "ru_nivcsw": 32
        },
        "ru_childs_end": {
            "ru_utime_sec": 0.027888,
            "ru_stime_sec": 0.049729000000000002,
            "ru_maxrss_kb": 129648,
            "ru_majflt": 0,
            "ru_minflt": 19915,
            "ru_nvcsw": 48,
            "ru_nivcsw": 35
        },
        "ru_childs_cgstart": {
            "ru_utime_sec": 0.0086750000000000004,
            "ru_stime_sec": 0.026581,
            "ru_maxrss_kb": 112172,
            "ru_majflt": 0,
            "ru_minflt": 10614,
            "ru_nvcsw": 25,
            "ru_nivcsw": 22
        },
        "ru_self_end": {
            "ru_utime_sec": 10.672578,
            "ru_stime_sec": 0.19619400000000001,
            "ru_maxrss_kb": 195376,
            "ru_majflt": 0,
            "ru_minflt": 42113,
            "ru_nvcsw": 37,
            "ru_nivcsw": 49
        },
        "cpu_cycles_cgstart": 100745600214401,
        "nMops": 797806,
        "nQuads": 260377,
        "mop/quad": 3.0640417548400971,
        "totalObjSize": 17829152,
        "outputSizePerQuad": 68.474373696601461,
        "cpu_cycles_end": 100759441069352,
        "cpu_cycles_total": 35184481506,
        "realTime": 11.048027992248535,
        "mopSpeed": 189712.42305029029,
        "quadSpeed": 61915.74339697299,
        "peak_mem_kb": 415948,
        "Frontend(%)": 60.699431221032803,
        "CodeGen(%)": 39.300568778967197
    },
    "CurCompileUdps": {},
    "PEModules": [],
    "SIMBData": {
        "text": 0,
        "bytes": 458892,
        "out": "amcQwB.o",
        "archive": "archive.40/_122124_archive_1.a"
    },
    "Misc": {
        "vcs_version": "O-2018.09-SP2_Full64",
        "vcs_build_date": "Build Date = Feb 28 2019 22:34:30",
        "master_pid": 122124,
        "csrc_abs": "/home/verifier/milanotang/v2xlab/uvm/sim/csrc",
        "VCS_HOME": "/opt/synopsys/vcs/vcs-mx/O-2018.09-SP2",
        "daidir": "/home/verifier/milanotang/v2xlab/uvm/sim/apb_watchdog_tb.simv.daidir",
        "hostname": "localhost.localdomain",
        "cwd": "/home/verifier/milanotang/v2xlab/uvm/sim",
        "csrc": "csrc",
        "daidir_abs": "/home/verifier/milanotang/v2xlab/uvm/sim/apb_watchdog_tb.simv.daidir",
        "default_output_dir": "csrc",
        "archive_dir": "archive.40"
    },
    "CurCompileModules": [
        "...MASTER...",
        "vcs_paramclassrepository",
        "vcs_paramclassrepository",
        "std",
        "uvm_pkg",
        "uvm_pkg",
        "_vcs_msglog",
        "_vcs_unit__3820934895",
        "uvm_custom_install_recording",
        "uvm_custom_install_recording",
        "_vcs_DPI_package",
        "uvm_custom_install_verdi_recording",
        "uvm_custom_install_verdi_recording",
        "apb_pkg",
        "apb_pkg",
        "apb_watchdog_pkg",
        "apb_watchdog_pkg",
        "apb_watchdog_tb",
        "apb_if",
        "apb_watchdog_if",
        "cmsdk_apb_watchdog"
    ],
    "incremental": "on",
    "rlimit": {
        "data": -1,
        "stack": -1
    },
    "CompileStatus": "Successful"
}