{
    "CompileStrategy": "fullobj",
    "incremental": "on",
    "perf": [
        {
            "sub": [
                {
                    "sub": [],
                    "stat": [
                        "doParsingAndDesignResolution",
                        "entry",
                        0.041585922241210938,
                        0.053386999999999997,
                        0.022422000000000001,
                        261544,
                        261656,
                        0.0,
                        0.0,
                        1653398171.3786139,
                        102273252753432
                    ]
                },
                {
                    "sub": [],
                    "stat": [
                        "doParsingAndDesignResolution",
                        "exit",
                        1.1953818798065186,
                        1.1953739999999999,
                        0.034153000000000003,
                        342196,
                        342196,
                        0.0,
                        0.0,
                        1653398172.5324099,
                        102276938033151
                    ]
                },
                {
                    "sub": [
                        {
                            "sub": [],
                            "stat": [
                                "doUptoVir2VcsNoSepCleanup",
                                "entry",
                                2.3849179744720459,
                                2.3788469999999999,
                                0.040194000000000001,
                                344620,
                                344624,
                                0.0,
                                0.0,
                                1653398173.721946,
                                102280737442879
                            ]
                        },
                        {
                            "sub": [],
                            "stat": [
                                "doUptoVir2VcsNoSepCleanup",
                                "exit",
                                6.2586300373077393,
                                6.0553509999999999,
                                0.086204000000000003,
                                393984,
                                398600,
                                0.0044730000000000004,
                                0.0083669999999999994,
                                1653398177.5956581,
                                102293110327648
                            ]
                        },
                        {
                            "sub": [],
                            "stat": [
                                "doRadify_vir2vcsAll",
                                "entry",
                                6.2588250637054443,
                                6.0555510000000004,
                                0.086204000000000003,
                                393984,
                                398600,
                                0.0044730000000000004,
                                0.0083669999999999994,
                                1653398177.5958531,
                                102293110622752
                            ]
                        },
                        {
                            "sub": [],
                            "stat": [
                                "doRadify_vir2vcsAll",
                                "exit",
                                6.6472890377044678,
                                6.4360020000000002,
                                0.094203999999999996,
                                410888,
                                410888,
                                0.0044730000000000004,
                                0.0083669999999999994,
                                1653398177.9843171,
                                102294351464000
                            ]
                        }
                    ],
                    "stat": [
                        "doPostDesignResolutionToVir2Vcs",
                        "entry",
                        1.2304749488830566,
                        1.2264429999999999,
                        0.038169000000000002,
                        343784,
                        343788,
                        0.0,
                        0.0,
                        1653398172.567503,
                        102277050139583
                    ]
                },
                {
                    "sub": [],
                    "stat": [
                        "doPostDesignResolutionToVir2Vcs",
                        "exit",
                        6.6473550796508789,
                        6.4360710000000001,
                        0.094204999999999997,
                        410888,
                        410888,
                        0.0044730000000000004,
                        0.0083669999999999994,
                        1653398177.9843831,
                        102294351551488
                    ]
                },
                {
                    "sub": [
                        {
                            "sub": [],
                            "stat": [
                                "DoPass2",
                                "entry",
                                6.6895358562469482,
                                6.4503539999999999,
                                0.099220000000000003,
                                410888,
                                410896,
                                0.011789000000000001,
                                0.024392,
                                1653398178.0265639,
                                102294486550544
                            ]
                        },
                        {
                            "sub": [],
                            "stat": [
                                "DoPass2",
                                "exit",
                                8.0876688957214355,
                                7.8139240000000001,
                                0.13123299999999999,
                                415532,
                                415560,
                                0.011789000000000001,
                                0.026637999999999998,
                                1653398179.4246969,
                                102298952039896
                            ]
                        }
                    ],
                    "stat": [
                        "doGAToPass2",
                        "entry",
                        6.6473789215087891,
                        6.4360939999999998,
                        0.094205999999999998,
                        410888,
                        410888,
                        0.0044730000000000004,
                        0.0083669999999999994,
                        1653398177.9844069,
                        102294351615712
                    ]
                },
                {
                    "sub": [],
                    "stat": [
                        "doGAToPass2",
                        "exit",
                        8.140841007232666,
                        7.8200120000000002,
                        0.14025099999999999,
                        415532,
                        415560,
                        0.028621000000000001,
                        0.048189999999999997,
                        1653398179.477869,
                        102299121858376
                    ]
                }
            ],
            "stat": [
                "main",
                "entry",
                0.039622068405151367,
                0.052441000000000002,
                0.021403999999999999,
                259288,
                259288,
                0.0,
                0.0,
                1653398171.3766501,
                102273246668408
            ]
        },
        {
            "sub": [],
            "stat": [
                "main",
                "exit",
                8.1431100368499756,
                7.8222769999999997,
                0.14025599999999999,
                415524,
                415560,
                0.028621000000000001,
                0.048189999999999997,
                1653398179.4801381,
                102299129011528
            ]
        }
    ],
    "cycles_program_begin": 102273246195320,
    "MlibObjs": {},
    "stat": {
        "ru_self_cgstart": {
            "ru_nvcsw": 31,
            "ru_utime_sec": 6.4505090000000003,
            "ru_stime_sec": 0.099223000000000006,
            "ru_maxrss_kb": 173632,
            "ru_minflt": 36476,
            "ru_majflt": 0,
            "ru_nivcsw": 31
        },
        "Frontend(%)": 82.312169857379288,
        "mop/quad": 3.0200040287834193,
        "totalObjSize": 2077560,
        "ru_childs_cgstart": {
            "ru_nvcsw": 26,
            "ru_utime_sec": 0.011789000000000001,
            "ru_stime_sec": 0.024392,
            "ru_maxrss_kb": 112164,
            "ru_minflt": 10614,
            "ru_majflt": 0,
            "ru_nivcsw": 22
        },
        "CodeGen(%)": 17.687830142620715,
        "quadSpeed": 128694.8256058877,
        "cpu_cycles_cgstart": 102294486720688,
        "cpu_cycles_total": 25882962672,
        "nMops": 539717,
        "nQuads": 178714,
        "outputSizePerQuad": 11.625054556442137,
        "ru_self_end": {
            "ru_nvcsw": 36,
            "ru_utime_sec": 7.8223419999999999,
            "ru_stime_sec": 0.14025699999999999,
            "ru_maxrss_kb": 190228,
            "ru_minflt": 42174,
            "ru_majflt": 0,
            "ru_nivcsw": 43
        },
        "ru_childs_end": {
            "ru_nvcsw": 49,
            "ru_utime_sec": 0.028621000000000001,
            "ru_stime_sec": 0.048189999999999997,
            "ru_maxrss_kb": 124508,
            "ru_minflt": 19915,
            "ru_majflt": 0,
            "ru_nivcsw": 36
        },
        "cpu_cycles_end": 102299129157992,
        "mopSpeed": 388658.89181336045,
        "peak_mem_kb": 415560,
        "realTime": 8.1432039737701416
    },
    "CurCompileModules": [
        "...MASTER...",
        "vcs_paramclassrepository",
        "std",
        "uvm_pkg",
        "_vcs_msglog",
        "_vcs_unit__3820934895",
        "uvm_custom_install_recording",
        "_vcs_DPI_package",
        "uvm_custom_install_verdi_recording",
        "uvm_custom_install_verdi_recording",
        "apb_pkg",
        "apb_watchdog_pkg",
        "apb_watchdog_pkg",
        "apb_watchdog_tb",
        "apb_if",
        "apb_watchdog_if",
        "cmsdk_apb_watchdog"
    ],
    "PEModules": [],
    "PrevCompiledModules": {
        "std": {
            "reYIK_d": {
                "mode": 4,
                "bytes": 44412,
                "mod": "std",
                "checksum": 0,
                "archive": "archive.41/_prev_archive_1.a",
                "out": "reYIK_d.o"
            }
        },
        "apb_pkg": {
            "xtRSS_d": {
                "mode": 4,
                "bytes": 365848,
                "mod": "apb_pkg",
                "out": "xtRSS_d.o",
                "checksum": 0,
                "archive": "archive.41/_prev_archive_1.a"
            }
        },
        "apb_watchdog_if": {
            "D9eU0_d": {
                "mode": 4,
                "bytes": 12966,
                "mod": "apb_watchdog_if",
                "checksum": 0,
                "archive": "archive.41/_prev_archive_1.a",
                "out": "D9eU0_d.o"
            }
        },
        "cmsdk_apb_watchdog": {
            "JUpqu_d": {
                "mode": 4,
                "bytes": 80192,
                "mod": "cmsdk_apb_watchdog",
                "checksum": 0,
                "archive": "archive.41/_prev_archive_1.a",
                "out": "JUpqu_d.o"
            }
        },
        "vcs_paramclassrepository": {
            "hEeZs_d": {
                "mode": 4,
                "bytes": 7734798,
                "mod": "vcs_paramclassrepository",
                "out": "hEeZs_d.o",
                "checksum": 0,
                "archive": "archive.41/_prev_archive_1.a"
            }
        },
        "uvm_pkg": {
            "zr7M1_d": {
                "mode": 4,
                "bytes": 7072996,
                "mod": "uvm_pkg",
                "out": "zr7M1_d.o",
                "checksum": 0,
                "archive": "archive.41/_prev_archive_1.a"
            }
        },
        "_vcs_unit__3820934895": {
            "b4gw6_d": {
                "mode": 4,
                "bytes": 14262,
                "mod": "_vcs_unit__3820934895",
                "checksum": 0,
                "archive": "archive.41/_prev_archive_1.a",
                "out": "b4gw6_d.o"
            }
        },
        "_vcs_DPI_package": {
            "uM9F1_d": {
                "mode": 4,
                "bytes": 22754,
                "mod": "_vcs_DPI_package",
                "checksum": 0,
                "archive": "archive.41/_prev_archive_1.a",
                "out": "uM9F1_d.o"
            }
        },
        "uvm_custom_install_verdi_recording": {
            "EbjT3_d": {
                "mode": 4,
                "bytes": 1493688,
                "mod": "uvm_custom_install_verdi_recording",
                "out": "EbjT3_d.o",
                "checksum": 0,
                "archive": "archive.41/_124961_archive_1.a"
            }
        },
        "apb_watchdog_tb": {
            "MgjQ3_d": {
                "mode": 4,
                "bytes": 30674,
                "mod": "apb_watchdog_tb",
                "checksum": 0,
                "archive": "archive.41/_prev_archive_1.a",
                "out": "MgjQ3_d.o"
            }
        },
        "apb_if": {
            "d9vZk_d": {
                "mode": 4,
                "bytes": 195738,
                "mod": "apb_if",
                "checksum": 0,
                "archive": "archive.41/_prev_archive_1.a",
                "out": "d9vZk_d.o"
            }
        },
        "uvm_custom_install_recording": {
            "nhiwz_d": {
                "mode": 4,
                "bytes": 527774,
                "mod": "uvm_custom_install_recording",
                "out": "nhiwz_d.o",
                "checksum": 0,
                "archive": "archive.41/_prev_archive_1.a"
            }
        },
        "_vcs_msglog": {
            "zQBzV_d": {
                "mode": 4,
                "bytes": 10738,
                "mod": "_vcs_msglog",
                "checksum": 0,
                "archive": "archive.41/_prev_archive_1.a",
                "out": "zQBzV_d.o"
            }
        },
        "apb_watchdog_pkg": {
            "Wu0ea_d": {
                "mode": 4,
                "bytes": 175156,
                "mod": "apb_watchdog_pkg",
                "out": "Wu0ea_d.o",
                "checksum": 0,
                "archive": "archive.41/_124961_archive_1.a"
            }
        },
        "...MASTER...": {
            "amcQw_d": {
                "mode": 4,
                "bytes": 9618,
                "mod": "...MASTER...",
                "checksum": 0,
                "out": "objs/amcQw_d.o"
            }
        }
    },
    "NameTable": {
        "uvm_pkg": [
            "uvm_pkg",
            "zr7M1",
            "module",
            3
        ],
        "cmsdk_apb_watchdog": [
            "cmsdk_apb_watchdog",
            "JUpqu",
            "module",
            14
        ],
        "vcs_paramclassrepository": [
            "vcs_paramclassrepository",
            "hEeZs",
            "module",
            1
        ],
        "apb_pkg": [
            "apb_pkg",
            "xtRSS",
            "module",
            9
        ],
        "std": [
            "std",
            "reYIK",
            "module",
            2
        ],
        "_vcs_msglog": [
            "_vcs_msglog",
            "zQBzV",
            "module",
            4
        ],
        "_vcs_DPI_package": [
            "_vcs_DPI_package",
            "uM9F1",
            "module",
            7
        ],
        "uvm_custom_install_verdi_recording": [
            "uvm_custom_install_verdi_recording",
            "EbjT3",
            "module",
            8
        ],
        "_vcs_unit__3820934895": [
            "_vcs_unit__3820934895",
            "b4gw6",
            "module",
            5
        ],
        "uvm_custom_install_recording": [
            "uvm_custom_install_recording",
            "nhiwz",
            "module",
            6
        ],
        "apb_watchdog_pkg": [
            "apb_watchdog_pkg",
            "Wu0ea",
            "module",
            10
        ],
        "apb_watchdog_tb": [
            "apb_watchdog_tb",
            "MgjQ3",
            "module",
            11
        ],
        "apb_if": [
            "apb_if",
            "d9vZk",
            "module",
            12
        ],
        "apb_watchdog_if": [
            "apb_watchdog_if",
            "D9eU0",
            "module",
            13
        ],
        "...MASTER...": [
            "SIM",
            "amcQw",
            "module",
            15
        ]
    },
    "Misc": {
        "default_output_dir": "csrc",
        "vcs_version": "O-2018.09-SP2_Full64",
        "vcs_build_date": "Build Date = Feb 28 2019 22:34:30",
        "daidir_abs": "/home/verifier/milanotang/v2xlab/uvm/sim/apb_watchdog_tb.simv.daidir",
        "master_pid": 124961,
        "csrc_abs": "/home/verifier/milanotang/v2xlab/uvm/sim/csrc",
        "VCS_HOME": "/opt/synopsys/vcs/vcs-mx/O-2018.09-SP2",
        "hostname": "localhost.localdomain",
        "cwd": "/home/verifier/milanotang/v2xlab/uvm/sim",
        "csrc": "csrc",
        "daidir": "/home/verifier/milanotang/v2xlab/uvm/sim/apb_watchdog_tb.simv.daidir",
        "archive_dir": "archive.41"
    },
    "cpu_cycles_pass2_start": 102294486586416,
    "CurCompileUdps": {},
    "SIMBData": {
        "out": "amcQwB.o",
        "text": 0,
        "bytes": 408558,
        "archive": "archive.41/_124961_archive_1.a"
    },
    "LVLData": [
        "SIM"
    ],
    "CompileProcesses": [
        "cgproc.124961.json"
    ],
    "rlimit": {
        "data": -1,
        "stack": -1
    },
    "CompileStatus": "Successful"
}