{
    "cycles_program_begin": 167094648180327,
    "cpu_cycles_pass2_start": 167118930072485,
    "perf": [
        {
            "stat": [
                "main",
                "entry",
                0.030560016632080078,
                0.041267999999999999,
                0.021137,
                259288,
                259288,
                0.0,
                0.0,
                1653466342.7710321,
                167094648462119
            ],
            "sub": [
                {
                    "stat": [
                        "doParsingAndDesignResolution",
                        "entry",
                        0.031735897064208984,
                        0.041376999999999997,
                        0.022202,
                        261544,
                        261656,
                        0.0,
                        0.0,
                        1653466342.772208,
                        167094652128609
                    ],
                    "sub": []
                },
                {
                    "stat": [
                        "doParsingAndDesignResolution",
                        "exit",
                        1.4336488246917725,
                        1.2569589999999999,
                        0.208486,
                        346500,
                        346500,
                        0.0,
                        0.0,
                        1653466344.1741209,
                        167099129948776
                    ],
                    "sub": []
                },
                {
                    "stat": [
                        "doPostDesignResolutionToVir2Vcs",
                        "entry",
                        1.4700169563293457,
                        1.290284,
                        0.21152099999999999,
                        348244,
                        348248,
                        0.0,
                        0.0,
                        1653466344.210489,
                        167099246083078
                    ],
                    "sub": [
                        {
                            "stat": [
                                "doUptoVir2VcsNoSepCleanup",
                                "entry",
                                2.5684378147125244,
                                2.3823470000000002,
                                0.21785399999999999,
                                348996,
                                349000,
                                0.0,
                                0.0,
                                1653466345.3089099,
                                167102754468405
                            ],
                            "sub": []
                        },
                        {
                            "stat": [
                                "doUptoVir2VcsNoSepCleanup",
                                "exit",
                                7.0688109397888184,
                                6.7229830000000002,
                                0.25980999999999999,
                                394148,
                                402976,
                                0.0067539999999999996,
                                0.0074720000000000003,
                                1653466349.809283,
                                167117128650446
                            ],
                            "sub": []
                        },
                        {
                            "stat": [
                                "doRadify_vir2vcsAll",
                                "entry",
                                7.0689029693603516,
                                6.7230730000000003,
                                0.25981399999999999,
                                394148,
                                402976,
                                0.0067539999999999996,
                                0.0074720000000000003,
                                1653466349.809375,
                                167117128839118
                            ],
                            "sub": []
                        },
                        {
                            "stat": [
                                "doRadify_vir2vcsAll",
                                "exit",
                                7.5895209312438965,
                                7.1913109999999998,
                                0.31187999999999999,
                                411056,
                                411056,
                                0.0067539999999999996,
                                0.0074720000000000003,
                                1653466350.329993,
                                167118791794406
                            ],
                            "sub": []
                        }
                    ]
                },
                {
                    "stat": [
                        "doPostDesignResolutionToVir2Vcs",
                        "exit",
                        7.5895838737487793,
                        7.1913729999999996,
                        0.31188300000000002,
                        411056,
                        411056,
                        0.0067539999999999996,
                        0.0074720000000000003,
                        1653466350.330056,
                        167118791887558
                    ],
                    "sub": []
                },
                {
                    "stat": [
                        "doGAToPass2",
                        "entry",
                        7.5896079540252686,
                        7.191395,
                        0.31188399999999999,
                        411056,
                        411056,
                        0.0067539999999999996,
                        0.0074720000000000003,
                        1653466350.33008,
                        167118791953734
                    ],
                    "sub": [
                        {
                            "stat": [
                                "DoPass2",
                                "entry",
                                7.6327929496765137,
                                7.2104400000000002,
                                0.31388899999999997,
                                411056,
                                411064,
                                0.014652999999999999,
                                0.022204000000000002,
                                1653466350.373265,
                                167118930049957
                            ],
                            "sub": []
                        },
                        {
                            "stat": [
                                "DoPass2",
                                "exit",
                                12.645954847335815,
                                12.03323,
                                0.50088299999999997,
                                432232,
                                432260,
                                0.015789000000000001,
                                0.02334,
                                1653466355.3864269,
                                167134941973207
                            ],
                            "sub": []
                        }
                    ]
                },
                {
                    "stat": [
                        "doGAToPass2",
                        "exit",
                        12.700002908706665,
                        12.038708,
                        0.50887499999999997,
                        432232,
                        432260,
                        0.037519999999999998,
                        0.042615,
                        1653466355.440475,
                        167135114699659
                    ],
                    "sub": []
                }
            ]
        },
        {
            "stat": [
                "main",
                "exit",
                12.702643871307373,
                12.041323999999999,
                0.50890100000000005,
                432224,
                432260,
                0.037519999999999998,
                0.042615,
                1653466355.4431159,
                167135123017602
            ],
            "sub": []
        }
    ],
    "CompileStrategy": "fullobj",
    "CurCompileModules": [
        "...MASTER...",
        "vcs_paramclassrepository",
        "vcs_paramclassrepository",
        "std",
        "uvm_pkg",
        "uvm_pkg",
        "_vcs_msglog",
        "_vcs_unit__3820934895",
        "uvm_custom_install_recording",
        "uvm_custom_install_recording",
        "_vcs_DPI_package",
        "uvm_custom_install_verdi_recording",
        "uvm_custom_install_verdi_recording",
        "apb_pkg",
        "apb_pkg",
        "apb_watchdog_pkg",
        "apb_watchdog_pkg",
        "apb_watchdog_tb",
        "apb_watchdog_tb",
        "apb_if",
        "apb_if",
        "apb_watchdog_if",
        "cmsdk_apb_watchdog"
    ],
    "NameTable": {
        "apb_watchdog_pkg": [
            "apb_watchdog_pkg",
            "Wu0ea",
            "module",
            10
        ],
        "vcs_paramclassrepository": [
            "vcs_paramclassrepository",
            "hEeZs",
            "module",
            1
        ],
        "apb_if": [
            "apb_if",
            "d9vZk",
            "module",
            12
        ],
        "_vcs_unit__3820934895": [
            "_vcs_unit__3820934895",
            "b4gw6",
            "module",
            5
        ],
        "std": [
            "std",
            "reYIK",
            "module",
            2
        ],
        "...MASTER...": [
            "SIM",
            "amcQw",
            "module",
            15
        ],
        "uvm_pkg": [
            "uvm_pkg",
            "zr7M1",
            "module",
            3
        ],
        "_vcs_msglog": [
            "_vcs_msglog",
            "zQBzV",
            "module",
            4
        ],
        "cmsdk_apb_watchdog": [
            "cmsdk_apb_watchdog",
            "JUpqu",
            "module",
            14
        ],
        "uvm_custom_install_recording": [
            "uvm_custom_install_recording",
            "nhiwz",
            "module",
            6
        ],
        "_vcs_DPI_package": [
            "_vcs_DPI_package",
            "uM9F1",
            "module",
            7
        ],
        "uvm_custom_install_verdi_recording": [
            "uvm_custom_install_verdi_recording",
            "EbjT3",
            "module",
            8
        ],
        "apb_pkg": [
            "apb_pkg",
            "xtRSS",
            "module",
            9
        ],
        "apb_watchdog_tb": [
            "apb_watchdog_tb",
            "MgjQ3",
            "module",
            11
        ],
        "apb_watchdog_if": [
            "apb_watchdog_if",
            "D9eU0",
            "module",
            13
        ]
    },
    "MlibObjs": {},
    "PrevCompiledModules": {
        "apb_pkg": {
            "xtRSS_d": {
                "bytes": 365968,
                "mod": "apb_pkg",
                "archive": "archive.47/_61615_archive_1.a",
                "mode": 4,
                "out": "xtRSS_d.o",
                "checksum": 0
            }
        },
        "apb_watchdog_if": {
            "D9eU0_d": {
                "bytes": 12966,
                "mod": "apb_watchdog_if",
                "archive": "archive.47/_prev_archive_1.a",
                "mode": 4,
                "out": "D9eU0_d.o",
                "checksum": 0
            }
        },
        "...MASTER...": {
            "amcQw_d": {
                "bytes": 9618,
                "mod": "...MASTER...",
                "mode": 4,
                "out": "objs/amcQw_d.o",
                "checksum": 0
            }
        },
        "_vcs_msglog": {
            "zQBzV_d": {
                "bytes": 10780,
                "mod": "_vcs_msglog",
                "archive": "archive.47/_prev_archive_1.a",
                "mode": 4,
                "out": "zQBzV_d.o",
                "checksum": 0
            }
        },
        "uvm_pkg": {
            "zr7M1_d": {
                "bytes": 7581048,
                "mod": "uvm_pkg",
                "archive": "archive.47/_61615_archive_1.a",
                "mode": 4,
                "out": "zr7M1_d.o",
                "checksum": 0
            }
        },
        "uvm_custom_install_verdi_recording": {
            "EbjT3_d": {
                "bytes": 1493798,
                "mod": "uvm_custom_install_verdi_recording",
                "checksum": 0,
                "out": "EbjT3_d.o",
                "archive": "archive.47/_61615_archive_1.a",
                "mode": 4
            }
        },
        "apb_watchdog_pkg": {
            "Wu0ea_d": {
                "bytes": 1213058,
                "mod": "apb_watchdog_pkg",
                "archive": "archive.47/_61615_archive_1.a",
                "mode": 4,
                "out": "Wu0ea_d.o",
                "checksum": 0
            }
        },
        "vcs_paramclassrepository": {
            "hEeZs_d": {
                "bytes": 8175244,
                "mod": "vcs_paramclassrepository",
                "archive": "archive.47/_61615_archive_1.a",
                "mode": 4,
                "out": "hEeZs_d.o",
                "checksum": 0
            }
        },
        "apb_watchdog_tb": {
            "MgjQ3_d": {
                "bytes": 30674,
                "mod": "apb_watchdog_tb",
                "archive": "archive.47/_61615_archive_1.a",
                "mode": 4,
                "out": "MgjQ3_d.o",
                "checksum": 0
            }
        },
        "_vcs_unit__3820934895": {
            "b4gw6_d": {
                "bytes": 14304,
                "mod": "_vcs_unit__3820934895",
                "archive": "archive.47/_prev_archive_1.a",
                "mode": 4,
                "out": "b4gw6_d.o",
                "checksum": 0
            }
        },
        "apb_if": {
            "d9vZk_d": {
                "bytes": 195738,
                "mod": "apb_if",
                "archive": "archive.47/_61615_archive_1.a",
                "mode": 4,
                "out": "d9vZk_d.o",
                "checksum": 0
            }
        },
        "std": {
            "reYIK_d": {
                "bytes": 44412,
                "mod": "std",
                "archive": "archive.47/_prev_archive_1.a",
                "mode": 4,
                "out": "reYIK_d.o",
                "checksum": 0
            }
        },
        "uvm_custom_install_recording": {
            "nhiwz_d": {
                "bytes": 527774,
                "mod": "uvm_custom_install_recording",
                "archive": "archive.47/_61615_archive_1.a",
                "mode": 4,
                "out": "nhiwz_d.o",
                "checksum": 0
            }
        },
        "cmsdk_apb_watchdog": {
            "JUpqu_d": {
                "bytes": 80192,
                "mod": "cmsdk_apb_watchdog",
                "archive": "archive.47/_prev_archive_1.a",
                "mode": 4,
                "out": "JUpqu_d.o",
                "checksum": 0
            }
        },
        "_vcs_DPI_package": {
            "uM9F1_d": {
                "bytes": 22754,
                "mod": "_vcs_DPI_package",
                "archive": "archive.47/_prev_archive_1.a",
                "mode": 4,
                "out": "uM9F1_d.o",
                "checksum": 0
            }
        }
    },
    "stat": {
        "nQuads": 187088,
        "Frontend(%)": 59.81662902803582,
        "realTime": 12.702735900878906,
        "ru_self_cgstart": {
            "ru_utime_sec": 7.2105389999999998,
            "ru_nvcsw": 30,
            "ru_stime_sec": 0.31389400000000001,
            "ru_nivcsw": 45,
            "ru_minflt": 36526,
            "ru_maxrss_kb": 182048,
            "ru_majflt": 0
        },
        "mopSpeed": 118302.28835262095,
        "cpu_cycles_cgstart": 167118930166725,
        "cpu_cycles_total": 40474972635,
        "ru_childs_cgstart": {
            "ru_utime_sec": 0.014652999999999999,
            "ru_nvcsw": 25,
            "ru_stime_sec": 0.022204000000000002,
            "ru_nivcsw": 22,
            "ru_minflt": 10612,
            "ru_maxrss_kb": 120572,
            "ru_majflt": 0
        },
        "outputSizePerQuad": 107.42216497049517,
        "nMops": 574205,
        "ru_childs_end": {
            "ru_utime_sec": 0.037519999999999998,
            "ru_nvcsw": 48,
            "ru_stime_sec": 0.042615,
            "ru_nivcsw": 36,
            "ru_minflt": 19912,
            "ru_maxrss_kb": 134636,
            "ru_majflt": 0
        },
        "totalObjSize": 20097398,
        "mop/quad": 3.0691706576584283,
        "ru_self_end": {
            "ru_utime_sec": 12.041382,
            "ru_nvcsw": 35,
            "ru_stime_sec": 0.50890299999999999,
            "ru_nivcsw": 59,
            "ru_minflt": 42210,
            "ru_maxrss_kb": 200368,
            "ru_majflt": 0
        },
        "cpu_cycles_end": 167135123152962,
        "quadSpeed": 38545.360147186366,
        "CodeGen(%)": 40.18337097196418,
        "peak_mem_kb": 432260
    },
    "Misc": {
        "vcs_version": "O-2018.09-SP2_Full64",
        "vcs_build_date": "Build Date = Feb 28 2019 22:34:30",
        "master_pid": 61615,
        "VCS_HOME": "/opt/synopsys/vcs/vcs-mx/O-2018.09-SP2",
        "csrc": "csrc",
        "cwd": "/home/verifier/milanotang/v2xlab/uvm/sim",
        "hostname": "localhost.localdomain",
        "csrc_abs": "/home/verifier/milanotang/v2xlab/uvm/sim/csrc",
        "daidir": "/home/verifier/milanotang/v2xlab/uvm/sim/apb_watchdog_tb.simv.daidir",
        "daidir_abs": "/home/verifier/milanotang/v2xlab/uvm/sim/apb_watchdog_tb.simv.daidir",
        "archive_dir": "archive.47",
        "default_output_dir": "csrc"
    },
    "CurCompileUdps": {},
    "incremental": "on",
    "SIMBData": {
        "text": 0,
        "out": "amcQwB.o",
        "bytes": 489074,
        "archive": "archive.47/_61615_archive_1.a"
    },
    "LVLData": [
        "SIM"
    ],
    "PEModules": [],
    "CompileProcesses": [
        "cgproc.61615.json"
    ],
    "rlimit": {
        "data": -1,
        "stack": -1
    },
    "CompileStatus": "Successful"
}