{
    "CompileStrategy": "fullobj",
    "PrevCompiledModules": {
        "_vcs_DPI_package": {
            "uM9F1_d": {
                "checksum": 0,
                "bytes": 22754,
                "mode": 4,
                "mod": "_vcs_DPI_package",
                "archive": "archive.48/_prev_archive_1.a",
                "out": "uM9F1_d.o"
            }
        },
        "cmsdk_apb_watchdog": {
            "JUpqu_d": {
                "checksum": 0,
                "bytes": 80192,
                "mode": 4,
                "mod": "cmsdk_apb_watchdog",
                "archive": "archive.48/_prev_archive_1.a",
                "out": "JUpqu_d.o"
            }
        },
        "apb_watchdog_if": {
            "D9eU0_d": {
                "checksum": 0,
                "bytes": 12966,
                "mode": 4,
                "mod": "apb_watchdog_if",
                "archive": "archive.48/_prev_archive_1.a",
                "out": "D9eU0_d.o"
            }
        },
        "uvm_pkg": {
            "zr7M1_d": {
                "checksum": 0,
                "bytes": 7593354,
                "mode": 4,
                "mod": "uvm_pkg",
                "out": "zr7M1_d.o",
                "archive": "archive.48/_prev_archive_1.a"
            }
        },
        "vcs_paramclassrepository": {
            "hEeZs_d": {
                "checksum": 0,
                "bytes": 8188722,
                "mode": 4,
                "mod": "vcs_paramclassrepository",
                "out": "hEeZs_d.o",
                "archive": "archive.48/_66471_archive_1.a"
            }
        },
        "apb_if": {
            "d9vZk_d": {
                "checksum": 0,
                "bytes": 195738,
                "mode": 4,
                "mod": "apb_if",
                "out": "d9vZk_d.o",
                "archive": "archive.48/_prev_archive_1.a"
            }
        },
        "uvm_custom_install_verdi_recording": {
            "EbjT3_d": {
                "checksum": 0,
                "bytes": 1492868,
                "mode": 4,
                "mod": "uvm_custom_install_verdi_recording",
                "out": "EbjT3_d.o",
                "archive": "archive.48/_66471_archive_1.a"
            }
        },
        "...MASTER...": {
            "amcQw_d": {
                "checksum": 0,
                "bytes": 9618,
                "mode": 4,
                "mod": "...MASTER...",
                "out": "objs/amcQw_d.o"
            }
        },
        "apb_pkg": {
            "xtRSS_d": {
                "checksum": 0,
                "bytes": 365968,
                "mode": 4,
                "mod": "apb_pkg",
                "out": "xtRSS_d.o",
                "archive": "archive.48/_prev_archive_1.a"
            }
        },
        "_vcs_unit__3820934895": {
            "b4gw6_d": {
                "checksum": 0,
                "bytes": 14304,
                "mode": 4,
                "mod": "_vcs_unit__3820934895",
                "archive": "archive.48/_prev_archive_1.a",
                "out": "b4gw6_d.o"
            }
        },
        "uvm_custom_install_recording": {
            "nhiwz_d": {
                "checksum": 0,
                "bytes": 527774,
                "mode": 4,
                "mod": "uvm_custom_install_recording",
                "out": "nhiwz_d.o",
                "archive": "archive.48/_prev_archive_1.a"
            }
        },
        "std": {
            "reYIK_d": {
                "checksum": 0,
                "bytes": 44412,
                "mode": 4,
                "mod": "std",
                "archive": "archive.48/_prev_archive_1.a",
                "out": "reYIK_d.o"
            }
        },
        "apb_watchdog_tb": {
            "MgjQ3_d": {
                "checksum": 0,
                "bytes": 30674,
                "mode": 4,
                "mod": "apb_watchdog_tb",
                "out": "MgjQ3_d.o",
                "archive": "archive.48/_prev_archive_1.a"
            }
        },
        "_vcs_msglog": {
            "zQBzV_d": {
                "checksum": 0,
                "bytes": 10780,
                "mode": 4,
                "mod": "_vcs_msglog",
                "archive": "archive.48/_prev_archive_1.a",
                "out": "zQBzV_d.o"
            }
        },
        "apb_watchdog_pkg": {
            "Wu0ea_d": {
                "checksum": 0,
                "bytes": 1213226,
                "mode": 4,
                "mod": "apb_watchdog_pkg",
                "out": "Wu0ea_d.o",
                "archive": "archive.48/_66471_archive_1.a"
            }
        }
    },
    "LVLData": [
        "SIM"
    ],
    "cycles_program_begin": 170337840333994,
    "perf": [
        {
            "sub": [
                {
                    "sub": [],
                    "stat": [
                        "doParsingAndDesignResolution",
                        "entry",
                        0.040066003799438477,
                        0.052456000000000003,
                        0.020174999999999998,
                        261544,
                        261656,
                        0.0,
                        0.0,
                        1653467358.1731961,
                        170337844038287
                    ]
                },
                {
                    "sub": [],
                    "stat": [
                        "doParsingAndDesignResolution",
                        "exit",
                        1.186823844909668,
                        1.186167,
                        0.033059999999999999,
                        347192,
                        347192,
                        0.0,
                        0.0,
                        1653467359.3199539,
                        170341506847713
                    ]
                },
                {
                    "sub": [
                        {
                            "sub": [],
                            "stat": [
                                "doUptoVir2VcsNoSepCleanup",
                                "entry",
                                2.4051458835601807,
                                2.394479,
                                0.043027999999999997,
                                349688,
                                349692,
                                0.0,
                                0.0,
                                1653467360.538276,
                                170345398193884
                            ]
                        },
                        {
                            "sub": [],
                            "stat": [
                                "doUptoVir2VcsNoSepCleanup",
                                "exit",
                                6.8577308654785156,
                                6.6902540000000004,
                                0.084140999999999994,
                                394152,
                                403668,
                                0.0070060000000000001,
                                0.0056220000000000003,
                                1653467364.9908609,
                                170359619761010
                            ]
                        },
                        {
                            "sub": [],
                            "stat": [
                                "doRadify_vir2vcsAll",
                                "entry",
                                6.8578410148620605,
                                6.6903629999999996,
                                0.084141999999999995,
                                394152,
                                403668,
                                0.0070060000000000001,
                                0.0056220000000000003,
                                1653467364.9909711,
                                170359620013841
                            ]
                        },
                        {
                            "sub": [],
                            "stat": [
                                "doRadify_vir2vcsAll",
                                "exit",
                                7.3000729084014893,
                                7.1265830000000001,
                                0.090146000000000004,
                                411060,
                                411060,
                                0.0070060000000000001,
                                0.0056220000000000003,
                                1653467365.433203,
                                170361032608770
                            ]
                        }
                    ],
                    "stat": [
                        "doPostDesignResolutionToVir2Vcs",
                        "entry",
                        1.2222449779510498,
                        1.2165900000000001,
                        0.038048999999999999,
                        348936,
                        348940,
                        0.0,
                        0.0,
                        1653467359.3553751,
                        170341619993352
                    ]
                },
                {
                    "sub": [],
                    "stat": [
                        "doPostDesignResolutionToVir2Vcs",
                        "exit",
                        7.3001389503479004,
                        7.1266490000000005,
                        0.090147000000000005,
                        411060,
                        411060,
                        0.0070060000000000001,
                        0.0056220000000000003,
                        1653467365.433269,
                        170361032698946
                    ]
                },
                {
                    "sub": [
                        {
                            "sub": [],
                            "stat": [
                                "DoPass2",
                                "entry",
                                7.3438599109649658,
                                7.1467000000000001,
                                0.091148999999999994,
                                411060,
                                411068,
                                0.017332,
                                0.018445,
                                1653467365.47699,
                                170361172466203
                            ]
                        },
                        {
                            "sub": [],
                            "stat": [
                                "DoPass2",
                                "exit",
                                10.169632911682129,
                                9.8907050000000005,
                                0.17002500000000001,
                                415932,
                                415960,
                                0.018676999999999999,
                                0.019789999999999999,
                                1653467368.302763,
                                170370197914656
                            ]
                        }
                    ],
                    "stat": [
                        "doGAToPass2",
                        "entry",
                        7.3001618385314941,
                        7.1266730000000003,
                        0.090147000000000005,
                        411060,
                        411060,
                        0.0070060000000000001,
                        0.0056220000000000003,
                        1653467365.4332919,
                        170361032765570
                    ]
                },
                {
                    "sub": [],
                    "stat": [
                        "doGAToPass2",
                        "exit",
                        10.222484827041626,
                        9.8963070000000002,
                        0.177399,
                        415932,
                        415960,
                        0.041165,
                        0.037510000000000002,
                        1653467368.3556149,
                        170370366740332
                    ]
                }
            ],
            "stat": [
                "main",
                "entry",
                0.038964033126831055,
                0.051381000000000003,
                0.020149,
                259288,
                259288,
                0.0,
                0.0,
                1653467358.1720941,
                170337840598154
            ]
        },
        {
            "sub": [],
            "stat": [
                "main",
                "exit",
                10.22483491897583,
                9.8986509999999992,
                0.17740500000000001,
                415924,
                415960,
                0.041165,
                0.037510000000000002,
                1653467368.357965,
                170370374203071
            ]
        }
    ],
    "MlibObjs": {},
    "stat": {
        "ru_self_cgstart": {
            "ru_utime_sec": 7.1467850000000004,
            "ru_maxrss_kb": 181368,
            "ru_stime_sec": 0.091149999999999995,
            "ru_nvcsw": 31,
            "ru_minflt": 37226,
            "ru_majflt": 0,
            "ru_nivcsw": 37
        },
        "nMops": 609170,
        "ru_childs_cgstart": {
            "ru_utime_sec": 0.017332,
            "ru_maxrss_kb": 119892,
            "ru_stime_sec": 0.018445,
            "ru_nvcsw": 25,
            "ru_minflt": 10612,
            "ru_majflt": 0,
            "ru_nivcsw": 22
        },
        "peak_mem_kb": 415960,
        "nQuads": 198857,
        "mop/quad": 3.0633570857450327,
        "realTime": 10.224943876266479,
        "cpu_cycles_cgstart": 170361172559835,
        "ru_childs_end": {
            "ru_utime_sec": 0.041165,
            "ru_maxrss_kb": 133880,
            "ru_stime_sec": 0.037510000000000002,
            "ru_nvcsw": 48,
            "ru_minflt": 19912,
            "ru_majflt": 0,
            "ru_nivcsw": 35
        },
        "Frontend(%)": 72.074438278265973,
        "totalObjSize": 11363778,
        "ru_self_end": {
            "ru_utime_sec": 9.8987210000000001,
            "ru_maxrss_kb": 199612,
            "ru_stime_sec": 0.17740700000000001,
            "ru_nvcsw": 36,
            "ru_minflt": 43179,
            "ru_majflt": 0,
            "ru_nivcsw": 48
        },
        "quadSpeed": 71640.327419176465,
        "cpu_cycles_end": 170370374369823,
        "cpu_cycles_total": 32534035829,
        "CodeGen(%)": 27.925561721734031,
        "mopSpeed": 219459.9046246284,
        "outputSizePerQuad": 57.145476397612356
    },
    "cpu_cycles_pass2_start": 170361172482491,
    "Misc": {
        "csrc_abs": "/home/verifier/milanotang/v2xlab/uvm/sim/csrc",
        "vcs_version": "O-2018.09-SP2_Full64",
        "hostname": "localhost.localdomain",
        "vcs_build_date": "Build Date = Feb 28 2019 22:34:30",
        "archive_dir": "archive.48",
        "master_pid": 66471,
        "VCS_HOME": "/opt/synopsys/vcs/vcs-mx/O-2018.09-SP2",
        "cwd": "/home/verifier/milanotang/v2xlab/uvm/sim",
        "default_output_dir": "csrc",
        "csrc": "csrc",
        "daidir": "/home/verifier/milanotang/v2xlab/uvm/sim/apb_watchdog_tb.simv.daidir",
        "daidir_abs": "/home/verifier/milanotang/v2xlab/uvm/sim/apb_watchdog_tb.simv.daidir"
    },
    "CurCompileModules": [
        "...MASTER...",
        "vcs_paramclassrepository",
        "vcs_paramclassrepository",
        "std",
        "uvm_pkg",
        "_vcs_msglog",
        "_vcs_unit__3820934895",
        "uvm_custom_install_recording",
        "_vcs_DPI_package",
        "uvm_custom_install_verdi_recording",
        "uvm_custom_install_verdi_recording",
        "apb_pkg",
        "apb_watchdog_pkg",
        "apb_watchdog_pkg",
        "apb_watchdog_tb",
        "apb_if",
        "apb_watchdog_if",
        "cmsdk_apb_watchdog"
    ],
    "NameTable": {
        "cmsdk_apb_watchdog": [
            "cmsdk_apb_watchdog",
            "JUpqu",
            "module",
            14
        ],
        "apb_watchdog_if": [
            "apb_watchdog_if",
            "D9eU0",
            "module",
            13
        ],
        "apb_if": [
            "apb_if",
            "d9vZk",
            "module",
            12
        ],
        "vcs_paramclassrepository": [
            "vcs_paramclassrepository",
            "hEeZs",
            "module",
            1
        ],
        "uvm_pkg": [
            "uvm_pkg",
            "zr7M1",
            "module",
            3
        ],
        "_vcs_DPI_package": [
            "_vcs_DPI_package",
            "uM9F1",
            "module",
            7
        ],
        "apb_watchdog_tb": [
            "apb_watchdog_tb",
            "MgjQ3",
            "module",
            11
        ],
        "std": [
            "std",
            "reYIK",
            "module",
            2
        ],
        "uvm_custom_install_recording": [
            "uvm_custom_install_recording",
            "nhiwz",
            "module",
            6
        ],
        "_vcs_msglog": [
            "_vcs_msglog",
            "zQBzV",
            "module",
            4
        ],
        "...MASTER...": [
            "SIM",
            "amcQw",
            "module",
            15
        ],
        "apb_pkg": [
            "apb_pkg",
            "xtRSS",
            "module",
            9
        ],
        "_vcs_unit__3820934895": [
            "_vcs_unit__3820934895",
            "b4gw6",
            "module",
            5
        ],
        "uvm_custom_install_verdi_recording": [
            "uvm_custom_install_verdi_recording",
            "EbjT3",
            "module",
            8
        ],
        "apb_watchdog_pkg": [
            "apb_watchdog_pkg",
            "Wu0ea",
            "module",
            10
        ]
    },
    "CurCompileUdps": {},
    "SIMBData": {
        "out": "amcQwB.o",
        "bytes": 467396,
        "text": 0,
        "archive": "archive.48/_66471_archive_1.a"
    },
    "incremental": "on",
    "PEModules": [],
    "CompileProcesses": [
        "cgproc.66471.json"
    ],
    "rlimit": {
        "stack": -1,
        "data": -1
    },
    "CompileStatus": "Successful"
}