{
    "_vcs_DPI_package": [
        "_vcs_DPI_package",
        "uM9F1",
        "module",
        7
    ],
    "...MASTER...": [
        "SIM",
        "amcQw",
        "module",
        15
    ],
    "apb_pkg": [
        "apb_pkg",
        "xtRSS",
        "module",
        9
    ],
    "vcs_paramclassrepository": [
        "vcs_paramclassrepository",
        "hEeZs",
        "module",
        1
    ],
    "cmsdk_apb_watchdog": [
        "cmsdk_apb_watchdog",
        "JUpqu",
        "module",
        14
    ],
    "std": [
        "std",
        "reYIK",
        "module",
        2
    ],
    "uvm_pkg": [
        "uvm_pkg",
        "zr7M1",
        "module",
        3
    ],
    "uvm_custom_install_verdi_recording": [
        "uvm_custom_install_verdi_recording",
        "EbjT3",
        "module",
        8
    ],
    "uvm_custom_install_recording": [
        "uvm_custom_install_recording",
        "nhiwz",
        "module",
        6
    ],
    "_vcs_msglog": [
        "_vcs_msglog",
        "zQBzV",
        "module",
        4
    ],
    "_vcs_unit__3820934895": [
        "_vcs_unit__3820934895",
        "b4gw6",
        "module",
        5
    ],
    "apb_watchdog_pkg": [
        "apb_watchdog_pkg",
        "Wu0ea",
        "module",
        10
    ],
    "apb_if": [
        "apb_if",
        "d9vZk",
        "module",
        12
    ],
    "apb_watchdog_tb": [
        "apb_watchdog_tb",
        "MgjQ3",
        "module",
        11
    ],
    "apb_watchdog_if": [
        "apb_watchdog_if",
        "D9eU0",
        "module",
        13
    ]
}