{
    "cpu_cycles_pass2_start": 206057077067019,
    "cycles_program_begin": 206036234547673,
    "incremental": "on",
    "stat": {
        "ru_self_cgstart": {
            "ru_nvcsw": 30,
            "ru_utime_sec": 6.4564959999999996,
            "ru_stime_sec": 0.086018999999999998,
            "ru_maxrss_kb": 172696,
            "ru_minflt": 35792,
            "ru_majflt": 0,
            "ru_nivcsw": 105
        },
        "ru_childs_cgstart": {
            "ru_nvcsw": 25,
            "ru_utime_sec": 0.013466000000000001,
            "ru_stime_sec": 0.031136,
            "ru_maxrss_kb": 111236,
            "ru_minflt": 10612,
            "ru_majflt": 0,
            "ru_nivcsw": 22
        },
        "nMops": 532079,
        "ru_childs_end": {
            "ru_nvcsw": 48,
            "ru_utime_sec": 0.037783999999999998,
            "ru_stime_sec": 0.054224000000000001,
            "ru_maxrss_kb": 122920,
            "ru_minflt": 19912,
            "ru_majflt": 0,
            "ru_nivcsw": 36
        },
        "cpu_cycles_cgstart": 206057077141739,
        "Frontend(%)": 81.587641783004329,
        "mop/quad": 3.0215623473826478,
        "nQuads": 176094,
        "totalObjSize": 1898742,
        "peak_mem_kb": 415452,
        "ru_self_end": {
            "ru_nvcsw": 35,
            "ru_utime_sec": 7.8922920000000003,
            "ru_stime_sec": 0.120141,
            "ru_maxrss_kb": 188632,
            "ru_minflt": 41070,
            "ru_majflt": 0,
            "ru_nivcsw": 110
        },
        "outputSizePerQuad": 10.782547957340965,
        "CodeGen(%)": 18.41235821699566,
        "cpu_cycles_end": 206061922491211,
        "cpu_cycles_total": 25687943538,
        "mopSpeed": 364409.21736247971,
        "quadSpeed": 120602.91182743259,
        "realTime": 8.0752620697021484
    },
    "perf": [
        {
            "stat": [
                "main",
                "entry",
                0.032713174819946289,
                0.047657999999999999,
                0.020279999999999999,
                259428,
                259428,
                0.0,
                0.0,
                1653050508.0041771,
                206036234840793
            ],
            "sub": [
                {
                    "stat": [
                        "doParsingAndDesignResolution",
                        "entry",
                        0.033935070037841797,
                        0.048819000000000001,
                        0.020341000000000001,
                        261552,
                        261664,
                        0.0,
                        0.0,
                        1653050508.005399,
                        206036238661433
                    ],
                    "sub": []
                },
                {
                    "stat": [
                        "doParsingAndDesignResolution",
                        "exit",
                        1.1206140518188477,
                        1.1207039999999999,
                        0.035053000000000001,
                        331080,
                        331080,
                        0.0,
                        0.0,
                        1653050509.092078,
                        206039709575275
                    ],
                    "sub": []
                },
                {
                    "stat": [
                        "doPostDesignResolutionToVir2Vcs",
                        "entry",
                        1.1552829742431641,
                        1.154371,
                        0.036041999999999998,
                        332640,
                        332644,
                        0.0,
                        0.0,
                        1653050509.1267469,
                        206039820364043
                    ],
                    "sub": [
                        {
                            "stat": [
                                "doUptoVir2VcsNoSepCleanup",
                                "entry",
                                2.2976679801940918,
                                2.2897150000000002,
                                0.043013000000000003,
                                333488,
                                333492,
                                0.0,
                                0.0,
                                1653050510.2691319,
                                206043469140363
                            ],
                            "sub": []
                        },
                        {
                            "stat": [
                                "doUptoVir2VcsNoSepCleanup",
                                "exit",
                                6.1244821548461914,
                                6.0519470000000002,
                                0.080012,
                                394064,
                                394088,
                                0.002879,
                                0.018110999999999999,
                                1653050514.0959461,
                                206055692004843
                            ],
                            "sub": []
                        },
                        {
                            "stat": [
                                "doRadify_vir2vcsAll",
                                "entry",
                                6.1245889663696289,
                                6.052054,
                                0.080013000000000001,
                                394064,
                                394088,
                                0.002879,
                                0.018110999999999999,
                                1653050514.0960529,
                                206055692200683
                            ],
                            "sub": []
                        },
                        {
                            "stat": [
                                "doRadify_vir2vcsAll",
                                "exit",
                                6.5140111446380615,
                                6.4394159999999996,
                                0.082017999999999994,
                                394460,
                                394460,
                                0.002879,
                                0.018110999999999999,
                                1653050514.4854751,
                                206056936129547
                            ],
                            "sub": []
                        }
                    ]
                },
                {
                    "stat": [
                        "doPostDesignResolutionToVir2Vcs",
                        "exit",
                        6.5140800476074219,
                        6.4394879999999999,
                        0.082017999999999994,
                        394460,
                        394460,
                        0.002879,
                        0.018110999999999999,
                        1653050514.485544,
                        206056936231819
                    ],
                    "sub": []
                },
                {
                    "stat": [
                        "doGAToPass2",
                        "entry",
                        6.5141060352325439,
                        6.4395129999999998,
                        0.082018999999999995,
                        394460,
                        394460,
                        0.002879,
                        0.018110999999999999,
                        1653050514.48557,
                        206056936291179
                    ],
                    "sub": [
                        {
                            "stat": [
                                "DoPass2",
                                "entry",
                                6.5581421852111816,
                                6.4564199999999996,
                                0.086017999999999997,
                                394460,
                                394468,
                                0.013466000000000001,
                                0.031136,
                                1653050514.5296061,
                                206057077050635
                            ],
                            "sub": []
                        },
                        {
                            "stat": [
                                "DoPass2",
                                "exit",
                                8.0172150135040283,
                                7.8836250000000003,
                                0.114124,
                                415424,
                                415452,
                                0.014381,
                                0.033878999999999999,
                                1653050515.9886789,
                                206061737283866
                            ],
                            "sub": []
                        }
                    ]
                },
                {
                    "stat": [
                        "doGAToPass2",
                        "exit",
                        8.0726211071014404,
                        7.8906780000000003,
                        0.119146,
                        415424,
                        415452,
                        0.037783999999999998,
                        0.054224000000000001,
                        1653050516.044085,
                        206061914351531
                    ],
                    "sub": []
                }
            ]
        },
        {
            "stat": [
                "main",
                "exit",
                8.0751609802246094,
                7.8922239999999997,
                0.12014,
                415416,
                415452,
                0.037783999999999998,
                0.054224000000000001,
                1653050516.0466249,
                206061922336107
            ],
            "sub": []
        }
    ],
    "MlibObjs": {},
    "rlimit": {
        "data": -1,
        "stack": -1
    },
    "CompileStrategy": "fullobj",
    "NameTable": {
        "_vcs_unit__3820934895": [
            "_vcs_unit__3820934895",
            "b4gw6",
            "module",
            5
        ],
        "vcs_paramclassrepository": [
            "vcs_paramclassrepository",
            "hEeZs",
            "module",
            1
        ],
        "cmsdk_apb_watchdog": [
            "cmsdk_apb_watchdog",
            "JUpqu",
            "module",
            14
        ],
        "std": [
            "std",
            "reYIK",
            "module",
            2
        ],
        "_vcs_DPI_package": [
            "_vcs_DPI_package",
            "uM9F1",
            "module",
            7
        ],
        "uvm_pkg": [
            "uvm_pkg",
            "zr7M1",
            "module",
            3
        ],
        "apb_watchdog_if": [
            "apb_watchdog_if",
            "D9eU0",
            "module",
            13
        ],
        "apb_pkg": [
            "apb_pkg",
            "xtRSS",
            "module",
            9
        ],
        "_vcs_msglog": [
            "_vcs_msglog",
            "zQBzV",
            "module",
            4
        ],
        "uvm_custom_install_verdi_recording": [
            "uvm_custom_install_verdi_recording",
            "EbjT3",
            "module",
            8
        ],
        "uvm_custom_install_recording": [
            "uvm_custom_install_recording",
            "nhiwz",
            "module",
            6
        ],
        "apb_watchdog_pkg": [
            "apb_watchdog_pkg",
            "Wu0ea",
            "module",
            10
        ],
        "...MASTER...": [
            "SIM",
            "amcQw",
            "module",
            15
        ],
        "apb_watchdog_tb": [
            "apb_watchdog_tb",
            "MgjQ3",
            "module",
            11
        ],
        "apb_if": [
            "apb_if",
            "d9vZk",
            "module",
            12
        ]
    },
    "CompileStatus": "Successful",
    "PrevCompiledModules": {
        "...MASTER...": {
            "amcQw_d": {
                "bytes": 9618,
                "mode": 4,
                "mod": "...MASTER...",
                "checksum": 0,
                "out": "objs/amcQw_d.o"
            }
        },
        "apb_watchdog_tb": {
            "MgjQ3_d": {
                "bytes": 29112,
                "archive": "archive.14/_prev_archive_1.a",
                "mode": 4,
                "mod": "apb_watchdog_tb",
                "checksum": 0,
                "out": "MgjQ3_d.o"
            }
        },
        "_vcs_msglog": {
            "zQBzV_d": {
                "bytes": 10738,
                "archive": "archive.14/_prev_archive_1.a",
                "mode": 4,
                "mod": "_vcs_msglog",
                "checksum": 0,
                "out": "zQBzV_d.o"
            }
        },
        "apb_watchdog_if": {
            "D9eU0_d": {
                "bytes": 11670,
                "archive": "archive.14/_prev_archive_1.a",
                "mode": 4,
                "mod": "apb_watchdog_if",
                "checksum": 0,
                "out": "D9eU0_d.o"
            }
        },
        "uvm_custom_install_verdi_recording": {
            "EbjT3_d": {
                "bytes": 1493580,
                "archive": "archive.14/_78130_archive_1.a",
                "mode": 4,
                "mod": "uvm_custom_install_verdi_recording",
                "out": "EbjT3_d.o",
                "checksum": 0
            }
        },
        "apb_pkg": {
            "xtRSS_d": {
                "bytes": 365544,
                "archive": "archive.14/_prev_archive_1.a",
                "mode": 4,
                "mod": "apb_pkg",
                "checksum": 0,
                "out": "xtRSS_d.o"
            }
        },
        "uvm_pkg": {
            "zr7M1_d": {
                "bytes": 7072454,
                "archive": "archive.14/_prev_archive_1.a",
                "mode": 4,
                "mod": "uvm_pkg",
                "checksum": 0,
                "out": "zr7M1_d.o"
            }
        },
        "_vcs_unit__3820934895": {
            "b4gw6_d": {
                "bytes": 14262,
                "archive": "archive.14/_prev_archive_1.a",
                "mode": 4,
                "mod": "_vcs_unit__3820934895",
                "checksum": 0,
                "out": "b4gw6_d.o"
            }
        },
        "vcs_paramclassrepository": {
            "hEeZs_d": {
                "bytes": 7522858,
                "archive": "archive.14/_prev_archive_1.a",
                "mode": 4,
                "mod": "vcs_paramclassrepository",
                "checksum": 0,
                "out": "hEeZs_d.o"
            }
        },
        "apb_if": {
            "d9vZk_d": {
                "bytes": 195746,
                "archive": "archive.14/_prev_archive_1.a",
                "mode": 4,
                "mod": "apb_if",
                "checksum": 0,
                "out": "d9vZk_d.o"
            }
        },
        "_vcs_DPI_package": {
            "uM9F1_d": {
                "bytes": 22754,
                "archive": "archive.14/_prev_archive_1.a",
                "mode": 4,
                "mod": "_vcs_DPI_package",
                "checksum": 0,
                "out": "uM9F1_d.o"
            }
        },
        "cmsdk_apb_watchdog": {
            "JUpqu_d": {
                "bytes": 80192,
                "archive": "archive.14/_prev_archive_1.a",
                "mode": 4,
                "mod": "cmsdk_apb_watchdog",
                "checksum": 0,
                "out": "JUpqu_d.o"
            }
        },
        "std": {
            "reYIK_d": {
                "bytes": 44412,
                "archive": "archive.14/_prev_archive_1.a",
                "mode": 4,
                "mod": "std",
                "checksum": 0,
                "out": "reYIK_d.o"
            }
        },
        "uvm_custom_install_recording": {
            "nhiwz_d": {
                "bytes": 527774,
                "archive": "archive.14/_prev_archive_1.a",
                "mode": 4,
                "mod": "uvm_custom_install_recording",
                "checksum": 0,
                "out": "nhiwz_d.o"
            }
        },
        "apb_watchdog_pkg": {
            "Wu0ea_d": {
                "bytes": 101898,
                "archive": "archive.14/_prev_archive_1.a",
                "mode": 4,
                "mod": "apb_watchdog_pkg",
                "checksum": 0,
                "out": "Wu0ea_d.o"
            }
        }
    },
    "SIMBData": {
        "out": "amcQwB.o",
        "bytes": 405162,
        "text": 0,
        "archive": "archive.14/_78130_archive_1.a"
    },
    "CurCompileModules": [
        "...MASTER...",
        "vcs_paramclassrepository",
        "std",
        "uvm_pkg",
        "_vcs_msglog",
        "_vcs_unit__3820934895",
        "uvm_custom_install_recording",
        "_vcs_DPI_package",
        "uvm_custom_install_verdi_recording",
        "uvm_custom_install_verdi_recording",
        "apb_pkg",
        "apb_watchdog_pkg",
        "apb_watchdog_tb",
        "apb_if",
        "apb_watchdog_if",
        "cmsdk_apb_watchdog"
    ],
    "Misc": {
        "vcs_version": "O-2018.09-SP2_Full64",
        "master_pid": 78130,
        "vcs_build_date": "Build Date = Feb 28 2019 22:34:30",
        "default_output_dir": "csrc",
        "csrc_abs": "/home/verifier/milanotang/v2xlab/uvm/sim/csrc",
        "daidir_abs": "/home/verifier/milanotang/v2xlab/uvm/sim/apb_watchdog_tb.simv.daidir",
        "VCS_HOME": "/opt/synopsys/vcs/vcs-mx/O-2018.09-SP2",
        "hostname": "localhost.localdomain",
        "cwd": "/home/verifier/milanotang/v2xlab/uvm/sim",
        "csrc": "csrc",
        "daidir": "/home/verifier/milanotang/v2xlab/uvm/sim/apb_watchdog_tb.simv.daidir",
        "archive_dir": "archive.14"
    },
    "CurCompileUdps": {},
    "LVLData": [
        "SIM"
    ],
    "PEModules": [],
    "CompileProcesses": [
        "cgproc.78130.json"
    ]
}