{
    "PrevCompiledModules": {
        "_vcs_unit__3820934895": {
            "b4gw6_d": {
                "bytes": 14262,
                "mod": "_vcs_unit__3820934895",
                "mode": 4,
                "checksum": 0,
                "out": "b4gw6_d.o",
                "archive": "archive.15/_111161_archive_1.a"
            }
        },
        "apb_watchdog_if": {
            "D9eU0_d": {
                "bytes": 11670,
                "mod": "apb_watchdog_if",
                "mode": 4,
                "checksum": 0,
                "out": "D9eU0_d.o",
                "archive": "archive.15/_111161_archive_1.a"
            }
        },
        "uvm_pkg": {
            "zr7M1_d": {
                "bytes": 7072454,
                "mod": "uvm_pkg",
                "mode": 4,
                "checksum": 0,
                "out": "zr7M1_d.o",
                "archive": "archive.15/_111161_archive_1.a"
            }
        },
        "uvm_custom_install_verdi_recording": {
            "EbjT3_d": {
                "bytes": 1493580,
                "mod": "uvm_custom_install_verdi_recording",
                "archive": "archive.15/_111161_archive_1.a",
                "out": "EbjT3_d.o",
                "mode": 4,
                "checksum": 0
            }
        },
        "...MASTER...": {
            "amcQw_d": {
                "bytes": 9618,
                "mod": "...MASTER...",
                "mode": 4,
                "checksum": 0,
                "out": "objs/amcQw_d.o"
            }
        },
        "apb_pkg": {
            "xtRSS_d": {
                "bytes": 365544,
                "mod": "apb_pkg",
                "mode": 4,
                "checksum": 0,
                "out": "xtRSS_d.o",
                "archive": "archive.15/_111161_archive_1.a"
            }
        },
        "vcs_paramclassrepository": {
            "hEeZs_d": {
                "bytes": 7522858,
                "mod": "vcs_paramclassrepository",
                "mode": 4,
                "checksum": 0,
                "out": "hEeZs_d.o",
                "archive": "archive.15/_111161_archive_1.a"
            }
        },
        "apb_watchdog_tb": {
            "MgjQ3_d": {
                "bytes": 29112,
                "mod": "apb_watchdog_tb",
                "mode": 4,
                "checksum": 0,
                "out": "MgjQ3_d.o",
                "archive": "archive.15/_111161_archive_1.a"
            }
        },
        "apb_if": {
            "d9vZk_d": {
                "bytes": 195746,
                "mod": "apb_if",
                "mode": 4,
                "checksum": 0,
                "out": "d9vZk_d.o",
                "archive": "archive.15/_111161_archive_1.a"
            }
        },
        "cmsdk_apb_watchdog": {
            "JUpqu_d": {
                "bytes": 80192,
                "mod": "cmsdk_apb_watchdog",
                "mode": 4,
                "checksum": 0,
                "out": "JUpqu_d.o",
                "archive": "archive.15/_111161_archive_1.a"
            }
        },
        "std": {
            "reYIK_d": {
                "bytes": 44412,
                "mod": "std",
                "mode": 4,
                "checksum": 0,
                "out": "reYIK_d.o",
                "archive": "archive.15/_111161_archive_1.a"
            }
        },
        "uvm_custom_install_recording": {
            "nhiwz_d": {
                "bytes": 527774,
                "mod": "uvm_custom_install_recording",
                "mode": 4,
                "checksum": 0,
                "out": "nhiwz_d.o",
                "archive": "archive.15/_111161_archive_1.a"
            }
        },
        "_vcs_msglog": {
            "zQBzV_d": {
                "bytes": 10738,
                "mod": "_vcs_msglog",
                "mode": 4,
                "checksum": 0,
                "out": "zQBzV_d.o",
                "archive": "archive.15/_111161_archive_1.a"
            }
        },
        "apb_watchdog_pkg": {
            "Wu0ea_d": {
                "bytes": 101898,
                "mod": "apb_watchdog_pkg",
                "mode": 4,
                "checksum": 0,
                "out": "Wu0ea_d.o",
                "archive": "archive.15/_111161_archive_1.a"
            }
        },
        "_vcs_DPI_package": {
            "uM9F1_d": {
                "bytes": 22754,
                "mod": "_vcs_DPI_package",
                "mode": 4,
                "checksum": 0,
                "out": "uM9F1_d.o",
                "archive": "archive.15/_111161_archive_1.a"
            }
        }
    },
    "cycles_program_begin": 239648578482600,
    "LVLData": [
        "SIM"
    ],
    "perf": [
        {
            "sub": [
                {
                    "sub": [],
                    "stat": [
                        "doParsingAndDesignResolution",
                        "entry",
                        0.036799907684326172,
                        0.041059999999999999,
                        0.026037999999999999,
                        261552,
                        261664,
                        0.0,
                        0.0,
                        1653103963.5861809,
                        239648582120552
                    ]
                },
                {
                    "sub": [],
                    "stat": [
                        "doParsingAndDesignResolution",
                        "exit",
                        0.96758198738098145,
                        0.95584100000000005,
                        0.041993000000000003,
                        332092,
                        332092,
                        0.0,
                        0.0,
                        1653103964.516963,
                        239651555122344
                    ]
                },
                {
                    "sub": [
                        {
                            "sub": [],
                            "stat": [
                                "doUptoVir2VcsNoSepCleanup",
                                "entry",
                                2.0426990985870361,
                                2.0218850000000002,
                                0.051021999999999998,
                                334444,
                                334448,
                                0.0,
                                0.0,
                                1653103965.5920801,
                                239654989075880
                            ]
                        },
                        {
                            "sub": [],
                            "stat": [
                                "doUptoVir2VcsNoSepCleanup",
                                "exit",
                                5.6450209617614746,
                                5.5672990000000002,
                                0.090004000000000001,
                                394064,
                                394088,
                                0.0060060000000000001,
                                0.0070070000000000002,
                                1653103969.194402,
                                239666494888920
                            ]
                        },
                        {
                            "sub": [],
                            "stat": [
                                "doRadify_vir2vcsAll",
                                "entry",
                                5.6451148986816406,
                                5.5673940000000002,
                                0.090006000000000003,
                                394064,
                                394088,
                                0.0060060000000000001,
                                0.0070070000000000002,
                                1653103969.1944959,
                                239666495083384
                            ]
                        },
                        {
                            "sub": [],
                            "stat": [
                                "doRadify_vir2vcsAll",
                                "exit",
                                6.0072410106658936,
                                5.9234929999999997,
                                0.096007999999999996,
                                394464,
                                394464,
                                0.0060060000000000001,
                                0.0070070000000000002,
                                1653103969.556622,
                                239667651830232
                            ]
                        }
                    ],
                    "stat": [
                        "doPostDesignResolutionToVir2Vcs",
                        "entry",
                        1.0006029605865479,
                        0.98681200000000002,
                        0.044035999999999999,
                        333660,
                        333664,
                        0.0,
                        0.0,
                        1653103964.549984,
                        239651660789224
                    ]
                },
                {
                    "sub": [],
                    "stat": [
                        "doPostDesignResolutionToVir2Vcs",
                        "exit",
                        6.0073070526123047,
                        5.9235610000000003,
                        0.096008999999999997,
                        394464,
                        394464,
                        0.0060060000000000001,
                        0.0070070000000000002,
                        1653103969.5566881,
                        239667651955640
                    ]
                },
                {
                    "sub": [
                        {
                            "sub": [],
                            "stat": [
                                "DoPass2",
                                "entry",
                                6.047213077545166,
                                5.9392589999999998,
                                0.098019999999999996,
                                394464,
                                394472,
                                0.016566999999999998,
                                0.019230000000000001,
                                1653103969.5965941,
                                239667779451384
                            ]
                        },
                        {
                            "sub": [],
                            "stat": [
                                "DoPass2",
                                "exit",
                                9.988914966583252,
                                9.7494560000000003,
                                0.226405,
                                415504,
                                415532,
                                0.018068000000000001,
                                0.020730999999999999,
                                1653103973.538296,
                                239680369186744
                            ]
                        }
                    ],
                    "stat": [
                        "doGAToPass2",
                        "entry",
                        6.0073421001434326,
                        5.9235949999999997,
                        0.096008999999999997,
                        394464,
                        394464,
                        0.0060060000000000001,
                        0.0070070000000000002,
                        1653103969.5567231,
                        239667652027224
                    ]
                },
                {
                    "sub": [],
                    "stat": [
                        "doGAToPass2",
                        "exit",
                        10.030292987823486,
                        9.7571879999999993,
                        0.22842499999999999,
                        415504,
                        415532,
                        0.032698999999999999,
                        0.038053999999999998,
                        1653103973.579674,
                        239680501389528
                    ]
                }
            ],
            "stat": [
                "main",
                "entry",
                0.035717964172363281,
                0.041009999999999998,
                0.025006,
                259428,
                259428,
                0.0,
                0.0,
                1653103963.585099,
                239648578754536
            ]
        },
        {
            "sub": [],
            "stat": [
                "main",
                "exit",
                10.032528877258301,
                9.7584400000000002,
                0.229409,
                415496,
                415532,
                0.032698999999999999,
                0.038053999999999998,
                1653103973.5819099,
                239680508561112
            ]
        }
    ],
    "MlibObjs": {},
    "CurCompileModules": [
        "...MASTER...",
        "...MASTER...",
        "vcs_paramclassrepository",
        "vcs_paramclassrepository",
        "std",
        "std",
        "uvm_pkg",
        "uvm_pkg",
        "_vcs_msglog",
        "_vcs_msglog",
        "_vcs_unit__3820934895",
        "_vcs_unit__3820934895",
        "uvm_custom_install_recording",
        "uvm_custom_install_recording",
        "_vcs_DPI_package",
        "_vcs_DPI_package",
        "uvm_custom_install_verdi_recording",
        "uvm_custom_install_verdi_recording",
        "apb_pkg",
        "apb_pkg",
        "apb_watchdog_pkg",
        "apb_watchdog_pkg",
        "apb_watchdog_tb",
        "apb_watchdog_tb",
        "apb_if",
        "apb_if",
        "apb_watchdog_if",
        "apb_watchdog_if",
        "cmsdk_apb_watchdog",
        "cmsdk_apb_watchdog"
    ],
    "Misc": {
        "vcs_version": "O-2018.09-SP2_Full64",
        "csrc_abs": "/home/verifier/milanotang/backup/apb_watchdog_v0/sim/csrc",
        "vcs_build_date": "Build Date = Feb 28 2019 22:34:30",
        "master_pid": 111161,
        "cwd": "/home/verifier/milanotang/backup/apb_watchdog_v0/sim",
        "default_output_dir": "csrc",
        "VCS_HOME": "/opt/synopsys/vcs/vcs-mx/O-2018.09-SP2",
        "hostname": "localhost.localdomain",
        "csrc": "csrc",
        "daidir": "/home/verifier/milanotang/backup/apb_watchdog_v0/sim/apb_watchdog_tb.simv.daidir",
        "daidir_abs": "/home/verifier/milanotang/backup/apb_watchdog_v0/sim/apb_watchdog_tb.simv.daidir",
        "archive_dir": "archive.15"
    },
    "NameTable": {
        "_vcs_DPI_package": [
            "_vcs_DPI_package",
            "uM9F1",
            "module",
            7
        ],
        "...MASTER...": [
            "SIM",
            "amcQw",
            "module",
            15
        ],
        "apb_pkg": [
            "apb_pkg",
            "xtRSS",
            "module",
            9
        ],
        "vcs_paramclassrepository": [
            "vcs_paramclassrepository",
            "hEeZs",
            "module",
            1
        ],
        "cmsdk_apb_watchdog": [
            "cmsdk_apb_watchdog",
            "JUpqu",
            "module",
            14
        ],
        "std": [
            "std",
            "reYIK",
            "module",
            2
        ],
        "uvm_pkg": [
            "uvm_pkg",
            "zr7M1",
            "module",
            3
        ],
        "uvm_custom_install_verdi_recording": [
            "uvm_custom_install_verdi_recording",
            "EbjT3",
            "module",
            8
        ],
        "uvm_custom_install_recording": [
            "uvm_custom_install_recording",
            "nhiwz",
            "module",
            6
        ],
        "_vcs_msglog": [
            "_vcs_msglog",
            "zQBzV",
            "module",
            4
        ],
        "_vcs_unit__3820934895": [
            "_vcs_unit__3820934895",
            "b4gw6",
            "module",
            5
        ],
        "apb_watchdog_pkg": [
            "apb_watchdog_pkg",
            "Wu0ea",
            "module",
            10
        ],
        "apb_if": [
            "apb_if",
            "d9vZk",
            "module",
            12
        ],
        "apb_watchdog_tb": [
            "apb_watchdog_tb",
            "MgjQ3",
            "module",
            11
        ],
        "apb_watchdog_if": [
            "apb_watchdog_if",
            "D9eU0",
            "module",
            13
        ]
    },
    "incremental": "on",
    "CompileStrategy": "fullobj",
    "CompileStatus": "Successful",
    "cpu_cycles_pass2_start": 239667779471544,
    "stat": {
        "nQuads": 181099,
        "ru_self_cgstart": {
            "ru_minflt": 35932,
            "ru_utime_sec": 5.9393329999999995,
            "ru_stime_sec": 0.098021999999999998,
            "ru_maxrss_kb": 172484,
            "ru_majflt": 0,
            "ru_nivcsw": 34,
            "ru_nvcsw": 31
        },
        "ru_childs_cgstart": {
            "ru_minflt": 10622,
            "ru_utime_sec": 0.016566999999999998,
            "ru_stime_sec": 0.019230000000000001,
            "ru_maxrss_kb": 111024,
            "ru_majflt": 0,
            "ru_nivcsw": 22,
            "ru_nvcsw": 25
        },
        "peak_mem_kb": 415532,
        "cpu_cycles_cgstart": 239667779558744,
        "ru_childs_end": {
            "ru_minflt": 19924,
            "ru_utime_sec": 0.032698999999999999,
            "ru_stime_sec": 0.038053999999999998,
            "ru_maxrss_kb": 126140,
            "ru_majflt": 0,
            "ru_nivcsw": 36,
            "ru_nvcsw": 48
        },
        "nMops": 549544,
        "quadSpeed": 47218.487221866322,
        "totalObjSize": 17958372,
        "ru_self_end": {
            "ru_minflt": 41806,
            "ru_utime_sec": 9.7585420000000003,
            "ru_stime_sec": 0.229412,
            "ru_maxrss_kb": 191836,
            "ru_majflt": 0,
            "ru_nivcsw": 52,
            "ru_nvcsw": 36
        },
        "mop/quad": 3.0344949447539742,
        "Frontend(%)": 60.828857138742677,
        "cpu_cycles_end": 239680508771000,
        "cpu_cycles_total": 31930288400,
        "CodeGen(%)": 39.171142861257323,
        "mopSpeed": 143284.26077368349,
        "outputSizePerQuad": 99.163286379273217,
        "realTime": 10.032666921615601
    },
    "CurCompileUdps": {},
    "PEModules": [],
    "SIMBData": {
        "archive": "archive.15/_111161_archive_1.a",
        "out": "amcQwB.o",
        "bytes": 457330,
        "text": 0
    },
    "CompileProcesses": [
        "cgproc.111161.json"
    ],
    "rlimit": {
        "stack": -1,
        "data": -1
    }
}