{
    "stat": {
        "ru_childs_cgstart": {
            "ru_utime_sec": 0.016740999999999999,
            "ru_nivcsw": 24,
            "ru_stime_sec": 0.019223000000000001,
            "ru_majflt": 0,
            "ru_maxrss_kb": 111648,
            "ru_minflt": 11182,
            "ru_nvcsw": 27
        },
        "ru_self_cgstart": {
            "ru_utime_sec": 6.1470120000000001,
            "ru_nivcsw": 19,
            "ru_stime_sec": 0.062010000000000003,
            "ru_majflt": 0,
            "ru_maxrss_kb": 173112,
            "ru_minflt": 36584,
            "ru_nvcsw": 31
        },
        "outputSizePerQuad": 111.62492816004108,
        "cpu_cycles_cgstart": 240601403376168,
        "ru_childs_end": {
            "ru_utime_sec": 0.036344000000000001,
            "ru_nivcsw": 36,
            "ru_stime_sec": 0.036785999999999999,
            "ru_majflt": 0,
            "ru_maxrss_kb": 126816,
            "ru_minflt": 19894,
            "ru_nvcsw": 49
        },
        "cpu_cycles_total": 31896006272,
        "nMops": 497479,
        "nQuads": 163558,
        "totalObjSize": 18257150,
        "ru_self_end": {
            "ru_utime_sec": 9.8278590000000001,
            "ru_nivcsw": 38,
            "ru_stime_sec": 0.152168,
            "ru_majflt": 0,
            "ru_maxrss_kb": 192496,
            "ru_minflt": 42502,
            "ru_nvcsw": 37
        },
        "CodeGen(%)": 37.513927886520584,
        "cpu_cycles_end": 240613567394616,
        "mop/quad": 3.0416060357793566,
        "mopSpeed": 134437.43328514099,
        "quadSpeed": 44199.48925130727,
        "Frontend(%)": 62.486072113479409,
        "peak_mem_kb": 415120,
        "realTime": 10.024310827255249
    },
    "SIMBData": {
        "text": 0,
        "out": "amcQwB.o",
        "bytes": 461074,
        "archive": "archive.0/_113756_archive_1.a"
    },
    "PrevCompiledModules": {},
    "CompileProcesses": [
        "cgproc.113756.json"
    ],
    "cycles_program_begin": 240581671388344,
    "NameTable": {
        "uvm_custom_install_recording": [
            "uvm_custom_install_recording",
            "nhiwz",
            "module",
            6
        ],
        "_vcs_DPI_package": [
            "_vcs_DPI_package",
            "uM9F1",
            "module",
            7
        ],
        "vcs_paramclassrepository": [
            "vcs_paramclassrepository",
            "hEeZs",
            "module",
            1
        ],
        "uvm_pkg": [
            "uvm_pkg",
            "zr7M1",
            "module",
            3
        ],
        "...MASTER...": [
            "SIM",
            "amcQw",
            "module",
            15
        ],
        "std": [
            "std",
            "reYIK",
            "module",
            2
        ],
        "rkv_watchdog_if": [
            "rkv_watchdog_if",
            "YVLmN",
            "module",
            13
        ],
        "_vcs_msglog": [
            "_vcs_msglog",
            "zQBzV",
            "module",
            4
        ],
        "uvm_custom_install_verdi_recording": [
            "uvm_custom_install_verdi_recording",
            "EbjT3",
            "module",
            8
        ],
        "_vcs_unit__3820934895": [
            "_vcs_unit__3820934895",
            "b4gw6",
            "module",
            5
        ],
        "apb_pkg": [
            "apb_pkg",
            "xtRSS",
            "module",
            9
        ],
        "cmsdk_apb_watchdog": [
            "cmsdk_apb_watchdog",
            "JUpqu",
            "module",
            14
        ],
        "rkv_watchdog_tb": [
            "rkv_watchdog_tb",
            "x3dG1",
            "module",
            11
        ],
        "rkv_watchdog_pkg": [
            "rkv_watchdog_pkg",
            "qSt1y",
            "module",
            10
        ],
        "apb_if": [
            "apb_if",
            "d9vZk",
            "module",
            12
        ]
    },
    "perf": [
        {
            "sub": [
                {
                    "sub": [],
                    "stat": [
                        "doParsingAndDesignResolution",
                        "entry",
                        0.039099931716918945,
                        0.050792999999999998,
                        0.019918999999999999,
                        261544,
                        261656,
                        0.0,
                        0.0,
                        1653104255.725291,
                        240581674762744
                    ]
                },
                {
                    "sub": [],
                    "stat": [
                        "doParsingAndDesignResolution",
                        "exit",
                        1.0726590156555176,
                        1.0770919999999999,
                        0.027002000000000002,
                        321716,
                        321716,
                        0.0,
                        0.0,
                        1653104256.7588501,
                        240584976024233
                    ]
                },
                {
                    "sub": [
                        {
                            "sub": [],
                            "stat": [
                                "doUptoVir2VcsNoSepCleanup",
                                "entry",
                                2.1361289024353027,
                                2.1365419999999999,
                                0.031001999999999998,
                                323884,
                                324048,
                                0.0,
                                0.0,
                                1653104257.82232,
                                240588372792553
                            ]
                        },
                        {
                            "sub": [],
                            "stat": [
                                "doUptoVir2VcsNoSepCleanup",
                                "exit",
                                5.8580148220062256,
                                5.8162690000000001,
                                0.054011000000000003,
                                393952,
                                393960,
                                0.0050889999999999998,
                                0.011261,
                                1653104261.5442059,
                                240600260499384
                            ]
                        },
                        {
                            "sub": [],
                            "stat": [
                                "doRadify_vir2vcsAll",
                                "entry",
                                5.8581118583679199,
                                5.8163920000000005,
                                0.054011999999999998,
                                393952,
                                393960,
                                0.0050889999999999998,
                                0.011261,
                                1653104261.5443029,
                                240600260701784
                            ]
                        },
                        {
                            "sub": [],
                            "stat": [
                                "doRadify_vir2vcsAll",
                                "exit",
                                6.1792340278625488,
                                6.132511,
                                0.059013999999999997,
                                410468,
                                410468,
                                0.0050889999999999998,
                                0.011261,
                                1653104261.8654251,
                                240601286477033
                            ]
                        }
                    ],
                    "stat": [
                        "doPostDesignResolutionToVir2Vcs",
                        "entry",
                        1.1015429496765137,
                        1.104978,
                        0.027999,
                        323024,
                        323312,
                        0.0,
                        0.0,
                        1653104256.787734,
                        240585068314953
                    ]
                },
                {
                    "sub": [],
                    "stat": [
                        "doPostDesignResolutionToVir2Vcs",
                        "exit",
                        6.1793010234832764,
                        6.1325799999999999,
                        0.059014999999999998,
                        410468,
                        410468,
                        0.0050889999999999998,
                        0.011261,
                        1653104261.8654921,
                        240601286567081
                    ]
                },
                {
                    "sub": [
                        {
                            "sub": [],
                            "stat": [
                                "DoPass2",
                                "entry",
                                6.2158219814300537,
                                6.1469469999999999,
                                0.062009000000000002,
                                410468,
                                410480,
                                0.016740999999999999,
                                0.019223000000000001,
                                1653104261.9020131,
                                240601403290216
                            ]
                        },
                        {
                            "sub": [],
                            "stat": [
                                "DoPass2",
                                "exit",
                                9.9735679626464844,
                                9.8189379999999993,
                                0.14716299999999999,
                                415092,
                                415120,
                                0.016740999999999999,
                                0.019223000000000001,
                                1653104265.659759,
                                240613405497528
                            ]
                        }
                    ],
                    "stat": [
                        "doGAToPass2",
                        "entry",
                        6.1793220043182373,
                        6.1326010000000002,
                        0.059014999999999998,
                        410468,
                        410468,
                        0.0050889999999999998,
                        0.011261,
                        1653104261.8655131,
                        240601286624137
                    ]
                },
                {
                    "sub": [],
                    "stat": [
                        "doGAToPass2",
                        "exit",
                        10.022148847579956,
                        9.8257279999999998,
                        0.152166,
                        415092,
                        415120,
                        0.036344000000000001,
                        0.036785999999999999,
                        1653104265.7083399,
                        240613560673176
                    ]
                }
            ],
            "stat": [
                "main",
                "entry",
                0.038097858428955078,
                0.050789000000000001,
                0.018921,
                259288,
                259288,
                0.0,
                0.0,
                1653104255.7242889,
                240581671675832
            ]
        },
        {
            "sub": [],
            "stat": [
                "main",
                "exit",
                10.024211883544922,
                9.8277900000000002,
                0.152167,
                415084,
                415120,
                0.036344000000000001,
                0.036785999999999999,
                1653104265.710403,
                240613567237144
            ]
        }
    ],
    "CompileStatus": "Successful",
    "incremental": "on",
    "MlibObjs": {},
    "CompileStrategy": "fullobj",
    "CurCompileUdps": {},
    "cpu_cycles_pass2_start": 240601403308648,
    "CurCompileModules": [
        "...MASTER...",
        "...MASTER...",
        "vcs_paramclassrepository",
        "vcs_paramclassrepository",
        "std",
        "std",
        "uvm_pkg",
        "uvm_pkg",
        "_vcs_msglog",
        "_vcs_msglog",
        "_vcs_unit__3820934895",
        "_vcs_unit__3820934895",
        "uvm_custom_install_recording",
        "uvm_custom_install_recording",
        "_vcs_DPI_package",
        "_vcs_DPI_package",
        "uvm_custom_install_verdi_recording",
        "uvm_custom_install_verdi_recording",
        "apb_pkg",
        "apb_pkg",
        "rkv_watchdog_pkg",
        "rkv_watchdog_pkg",
        "rkv_watchdog_tb",
        "rkv_watchdog_tb",
        "apb_if",
        "apb_if",
        "rkv_watchdog_if",
        "rkv_watchdog_if",
        "cmsdk_apb_watchdog",
        "cmsdk_apb_watchdog"
    ],
    "LVLData": [
        "SIM"
    ],
    "PEModules": [],
    "Misc": {
        "master_pid": 113756,
        "daidir": "/home/verifier/milanotang/v2xlab/apb_watchdog/RKV_WATCHDOG_TB_01/APB-WatchDog/cmsdk_apb_watchdog/uvm/sim/rkv_watchdog_tb.simv.daidir",
        "vcs_version": "O-2018.09-SP2_Full64",
        "VCS_HOME": "/opt/synopsys/vcs/vcs-mx/O-2018.09-SP2",
        "csrc": "csrc",
        "vcs_build_date": "Build Date = Feb 28 2019 22:34:30",
        "hostname": "localhost.localdomain",
        "archive_dir": "archive.0",
        "cwd": "/home/verifier/milanotang/v2xlab/apb_watchdog/RKV_WATCHDOG_TB_01/APB-WatchDog/cmsdk_apb_watchdog/uvm/sim",
        "csrc_abs": "/home/verifier/milanotang/v2xlab/apb_watchdog/RKV_WATCHDOG_TB_01/APB-WatchDog/cmsdk_apb_watchdog/uvm/sim/csrc",
        "daidir_abs": "/home/verifier/milanotang/v2xlab/apb_watchdog/RKV_WATCHDOG_TB_01/APB-WatchDog/cmsdk_apb_watchdog/uvm/sim/rkv_watchdog_tb.simv.daidir",
        "default_output_dir": "csrc"
    },
    "rlimit": {
        "data": -1,
        "stack": -1
    }
}